Date,Open,High,Low,Close,Adj Close,Volume,Name
1/3/2017,23.88999939,24.57999992,23.06999969,23.68000031,23.68000031,6148400,AR
1/4/2017,23.70999908,24.72999954,23.64999962,24.62999916,24.62999916,4054600,AR
1/5/2017,24.62999916,25.18000031,24.28000069,24.88999939,24.88999939,4756200,AR
1/6/2017,25.04999924,25.20000076,24.52000046,24.68000031,24.68000031,2689100,AR
1/9/2017,24.40999985,24.65999985,24.09000015,24.12000084,24.12000084,2450100,AR
1/10/2017,24.29999924,24.60000038,23.98999977,24.21999931,24.21999931,2754400,AR
1/11/2017,24.43000031,24.64999962,24.19000053,24.52000046,24.52000046,3688000,AR
1/12/2017,25.21999931,25.70000076,24.54999924,25.51000023,25.51000023,5616900,AR
1/13/2017,25.85000038,26.04999924,25.59000015,25.62000084,25.62000084,4285600,AR
1/17/2017,25.73999977,25.82999992,25.27000046,25.45000076,25.45000076,4053700,AR
1/18/2017,25.19000053,25.81999969,25.01000023,25.63999939,25.63999939,2382200,AR
1/19/2017,25.57999992,25.93000031,25.37999916,25.78000069,25.78000069,3097800,AR
1/20/2017,26.01000023,26.10000038,25.59000015,25.65999985,25.65999985,2228700,AR
1/23/2017,25.48999977,25.68000031,25.40999985,25.5,25.5,2116100,AR
1/24/2017,25.87999916,26.22999954,25.69000053,25.85000038,25.85000038,2780600,AR
1/25/2017,25.82999992,25.98999977,25.70999908,25.73999977,25.73999977,2535700,AR
1/26/2017,25.97999954,26.12000084,25.79999924,25.89999962,25.89999962,2597000,AR
1/27/2017,25.67000008,26.26000023,25.64999962,25.84000015,25.84000015,3972300,AR
1/30/2017,25.42000008,25.54999924,24.38999939,24.62999916,24.62999916,4303200,AR
1/31/2017,24.62999916,24.68000031,24.14999962,24.40999985,24.40999985,2756600,AR
2/1/2017,24.62000084,24.88999939,24.46999931,24.64999962,24.64999962,3506800,AR
2/2/2017,24.70999908,25.90999985,24.62999916,25.57999992,25.57999992,4551500,AR
2/3/2017,25.63999939,26.26000023,25.53000069,26.15999985,26.15999985,2738800,AR
2/6/2017,26.27000046,26.60000038,25.10000038,25.40999985,25.40999985,5016700,AR
2/7/2017,25.44000053,25.54000092,24.76000023,25.44000053,25.44000053,4675100,AR
2/8/2017,25.10000038,25.17000008,24.60000038,24.81999969,24.81999969,3608400,AR
2/9/2017,25.01000023,25.27000046,24.86000061,25.06999969,25.06999969,3532900,AR
2/10/2017,25.12999916,25.30999947,24.75,24.86000061,24.86000061,1846100,AR
2/13/2017,24.69000053,24.96999931,24.59000015,24.92000008,24.92000008,1708300,AR
2/14/2017,24.93000031,25.57999992,24.69000053,25.55999947,25.55999947,2591600,AR
2/15/2017,25.61000061,26.10000038,25.5,25.82999992,25.82999992,3186300,AR
2/16/2017,25.79000092,25.97999954,25,25.19000053,25.19000053,2755100,AR
2/17/2017,25.04000092,25.5,24.87999916,25.06999969,25.06999969,2157800,AR
2/21/2017,24.94000053,25.29000092,24.78000069,24.90999985,24.90999985,2717000,AR
2/22/2017,24.68000031,24.88999939,24.53000069,24.54000092,24.54000092,3946300,AR
2/23/2017,24.85000038,25.12000084,24.19000053,24.29999924,24.29999924,3754000,AR
2/24/2017,24.23999977,24.29000092,23.80999947,24,24,3702400,AR
2/27/2017,23.94000053,24.32999992,23.90999985,24.12000084,24.12000084,3112500,AR
2/28/2017,24.05999947,24.19000053,23.54999924,23.97999954,23.97999954,5011900,AR
3/1/2017,24.39999962,24.65999985,23.89999962,24.46999931,24.46999931,5800900,AR
3/2/2017,24.47999954,24.98999977,24.12000084,24.56999969,24.56999969,4595500,AR
3/3/2017,24.67000008,24.95999908,24.22999954,24.28000069,24.28000069,3559900,AR
3/6/2017,24.30999947,24.93000031,24.29000092,24.86000061,24.86000061,3694000,AR
3/7/2017,24.78000069,24.87000084,24.37999916,24.44000053,24.44000053,4385300,AR
3/8/2017,24.38999939,24.78000069,24.25,24.28000069,24.28000069,3008200,AR
3/9/2017,24.36000061,24.36000061,23.48999977,24.20000076,24.20000076,3373000,AR
3/10/2017,24.32999992,24.54000092,23.63999939,23.79999924,23.79999924,3296200,AR
3/13/2017,23.87999916,24.13999939,23.70000076,24.10000038,24.10000038,2135100,AR
3/14/2017,23.89999962,23.95000076,23.35000038,23.56999969,23.56999969,2549000,AR
3/15/2017,23.87000084,23.98999977,23.43000031,23.87999916,23.87999916,3311700,AR
3/16/2017,24.25,24.30999947,23.51000023,23.62999916,23.62999916,4208000,AR
3/17/2017,23.71999931,23.80999947,23.39999962,23.47999954,23.47999954,2732900,AR
3/20/2017,23.55999947,23.59000015,23.14999962,23.42000008,23.42000008,2315800,AR
3/21/2017,23.85000038,23.85000038,22.82999992,22.92000008,22.92000008,2863500,AR
3/22/2017,22.80999947,22.90999985,22.17000008,22.46999931,22.46999931,3515400,AR
3/23/2017,22.45000076,22.71999931,22.23999977,22.26000023,22.26000023,4821900,AR
3/24/2017,22.32999992,22.62999916,22.23999977,22.48999977,22.48999977,2966500,AR
3/27/2017,22.31999969,22.72999954,22.07999992,22.62999916,22.62999916,3321200,AR
3/28/2017,22.70000076,22.94000053,22.38999939,22.67000008,22.67000008,3537700,AR
3/29/2017,22.59000015,23.18000031,22.52000046,23.12999916,23.12999916,3080800,AR
3/30/2017,23.15999985,23.30999947,22.84000015,22.89999962,22.89999962,2539400,AR
3/31/2017,22.79000092,23.06999969,22.52000046,22.80999947,22.80999947,3388600,AR
4/3/2017,22.80999947,22.93000031,22.43000031,22.73999977,22.73999977,4026000,AR
4/4/2017,22.95999908,23.20999908,22.70999908,23.15999985,23.15999985,3588500,AR
4/5/2017,23.37999916,23.53000069,22.73999977,22.75,22.75,5661500,AR
4/6/2017,22.89999962,23.14999962,22.79999924,23.06999969,23.06999969,2821300,AR
4/7/2017,23.04999924,23.30999947,22.88999939,23.13999939,23.13999939,3311700,AR
4/10/2017,23.17000008,23.55999947,23.12999916,23.44000053,23.44000053,2444300,AR
4/11/2017,23.32999992,23.38999939,22.77000046,23.12000084,23.12000084,2929200,AR
4/12/2017,23.09000015,23.20999908,22.47999954,22.60000038,22.60000038,2684700,AR
4/13/2017,22.70000076,22.70000076,22.02000046,22.05999947,22.05999947,1769000,AR
4/17/2017,22,22.12999916,21.78000069,22,22,2471600,AR
4/18/2017,21.79000092,22.15999985,21.68000031,21.95000076,21.95000076,2227400,AR
4/19/2017,21.94000053,22.05999947,21.35000038,21.38999939,21.38999939,3777500,AR
4/20/2017,21.38999939,21.60000038,21.37000084,21.37000084,21.37000084,2819900,AR
4/21/2017,21.34000015,21.5,21.11000061,21.38999939,21.38999939,3507600,AR
4/24/2017,21.38999939,21.76000023,21.28000069,21.5,21.5,3514600,AR
4/25/2017,21.47999954,21.87000084,21.34000015,21.85000038,21.85000038,3708400,AR
4/26/2017,21.82999992,22.36000061,21.64999962,21.95000076,21.95000076,3516100,AR
4/27/2017,21.73999977,21.82999992,21.21999931,21.53000069,21.53000069,3310200,AR
4/28/2017,21.79999924,21.79999924,20.87000084,21.19000053,21.19000053,3593100,AR
5/1/2017,21.18000031,21.78000069,21.09000015,21.47999954,21.47999954,3235700,AR
5/2/2017,21.48999977,21.73999977,21.04000092,21.12999916,21.12999916,2868500,AR
5/3/2017,21.04000092,21.25,20.90999985,21.13999939,21.13999939,1748600,AR
5/4/2017,20.98999977,20.98999977,20.17000008,20.39999962,20.39999962,3408600,AR
5/5/2017,20.55999947,21.29999924,20.43000031,21.25,21.25,2964400,AR
5/8/2017,21.12000084,21.45000076,20.95000076,21.32999992,21.32999992,2853400,AR
5/9/2017,21.80999947,21.84000015,20.62000084,20.95000076,20.95000076,4929500,AR
5/10/2017,21.27000046,21.65999985,20.98999977,21.34000015,21.34000015,3694000,AR
5/11/2017,21.40999985,21.68000031,20.86000061,21.02000046,21.02000046,3369100,AR
5/12/2017,21.07999992,21.23999977,20.85000038,21.17000008,21.17000008,5615400,AR
5/15/2017,21.56999969,21.60000038,21.09000015,21.28000069,21.28000069,2555000,AR
5/16/2017,21.18000031,21.32999992,20.89999962,20.94000053,20.94000053,4526700,AR
5/17/2017,20.85000038,21.26000023,20.82999992,20.95999908,20.95999908,4988100,AR
5/18/2017,20.75,21.54000092,20.70999908,21.40999985,21.40999985,3923100,AR
5/19/2017,21.65999985,22.36000061,21.51000023,22.23999977,22.23999977,3804000,AR
5/22/2017,22.37000084,22.48999977,21.52000046,21.68000031,21.68000031,4476100,AR
5/23/2017,21.72999954,21.94000053,21.54999924,21.90999985,21.90999985,3523100,AR
5/24/2017,21.88999939,22.09000015,21.32999992,21.39999962,21.39999962,3482800,AR
5/25/2017,21.23999977,21.87999916,20.95999908,21.20999908,21.20999908,2613000,AR
5/26/2017,21.22999954,21.42000008,20.98999977,21.02000046,21.02000046,1896600,AR
5/30/2017,20.79999924,20.87999916,20.54000092,20.63999939,20.63999939,2715900,AR
5/31/2017,20.38999939,20.56999969,20.12999916,20.56999969,20.56999969,6277800,AR
6/1/2017,20.57999992,20.89999962,20.39999962,20.62000084,20.62000084,2510000,AR
6/2/2017,20.46999931,20.47999954,19.65999985,19.68000031,19.68000031,4900600,AR
6/5/2017,19.52000046,20.03000069,19.51000023,19.76000023,19.76000023,4535300,AR
6/6/2017,19.70000076,20.36000061,19.68000031,20.32999992,20.32999992,3111200,AR
6/7/2017,20.26000023,20.43000031,19.92000008,20.29999924,20.29999924,4503600,AR
6/8/2017,20.27000046,20.94000053,20.11000061,20.82999992,20.82999992,3954100,AR
6/9/2017,20.96999931,21.86000061,20.82999992,21.5,21.5,3423900,AR
6/12/2017,21.79999924,22.10000038,21.56999969,21.57999992,21.57999992,3432100,AR
6/13/2017,21.71999931,22.52000046,21.64999962,22.47999954,22.47999954,2964200,AR
6/14/2017,22.37999916,22.37999916,21.73999977,21.87999916,21.87999916,2861800,AR
6/15/2017,21.72999954,22.39999962,21.54999924,22.35000038,22.35000038,6274700,AR
6/16/2017,22.35000038,22.68000031,22.28000069,22.60000038,22.60000038,4660900,AR
6/19/2017,22.55999947,22.56999969,21.42000008,21.43000031,21.43000031,5403600,AR
6/20/2017,21.04999924,21.05999947,20.30999947,20.62999916,20.62999916,3842900,AR
6/21/2017,20.53000069,20.73999977,19.95999908,20.17000008,20.17000008,4686100,AR
6/22/2017,20.20000076,20.51000023,19.98999977,20.15999985,20.15999985,4317300,AR
6/23/2017,20.30999947,20.79000092,20.18000031,20.78000069,20.78000069,7624800,AR
6/26/2017,20.78000069,21.30999947,20.70999908,21.06999969,21.06999969,2369400,AR
6/27/2017,21.20999908,21.28000069,21.01000023,21.04999924,21.04999924,3477200,AR
6/28/2017,21.10000038,21.34000015,20.86000061,20.89999962,20.89999962,4160100,AR
6/29/2017,21.03000069,21.45000076,20.97999954,21.40999985,21.40999985,3701600,AR
6/30/2017,21.47999954,21.84000015,21.35000038,21.61000061,21.61000061,2942900,AR
7/3/2017,21.65999985,21.95000076,21.52000046,21.77000046,21.77000046,1628400,AR
7/5/2017,21.54999924,21.54999924,20.95000076,20.98999977,20.98999977,2819100,AR
7/6/2017,21.23999977,21.37000084,20.69000053,20.84000015,20.84000015,3009900,AR
7/7/2017,20.87999916,20.90999985,20.29999924,20.65999985,20.65999985,2002400,AR
7/10/2017,20.61000061,21.30999947,20.44000053,21.29000092,21.29000092,2451500,AR
7/11/2017,21.32999992,21.70000076,21.14999962,21.51000023,21.51000023,2688500,AR
7/12/2017,21.69000053,22.11000061,21.56999969,21.63999939,21.63999939,3013000,AR
7/13/2017,21.62000084,21.84000015,21.37999916,21.84000015,21.84000015,3211400,AR
7/14/2017,21.90999985,22.19000053,21.82999992,21.97999954,21.97999954,2110300,AR
7/17/2017,21.96999931,22.30999947,21.75,21.92000008,21.92000008,3188800,AR
7/18/2017,22.15999985,22.21999931,21.5,21.63999939,21.63999939,2243700,AR
7/19/2017,21.57999992,22.17000008,21.54999924,22.15999985,22.15999985,2239300,AR
7/20/2017,22.23999977,22.37999916,21.30999947,21.35000038,21.35000038,2151000,AR
7/21/2017,21.34000015,21.46999931,20.94000053,21.15999985,21.15999985,2868500,AR
7/24/2017,21.15999985,21.22999954,20.60000038,20.79999924,20.79999924,2773600,AR
7/25/2017,21.13999939,21.82999992,21.10000038,21.27000046,21.27000046,2744200,AR
7/26/2017,21.37000084,21.54000092,20.92000008,20.95000076,20.95000076,2607700,AR
7/27/2017,20.90999985,21.87000084,20.86000061,21.52000046,21.52000046,3812300,AR
7/28/2017,21.5,21.61000061,21,21.10000038,21.10000038,2536800,AR
7/31/2017,20.97999954,21.07999992,20.45000076,20.62000084,20.62000084,3072700,AR
8/1/2017,20.55999947,20.78000069,20.17000008,20.29999924,20.29999924,2726900,AR
8/2/2017,20.10000038,20.40999985,19.69000053,19.86000061,19.86000061,3493100,AR
8/3/2017,19.02000046,19.76000023,18.88999939,19.01000023,19.01000023,6809800,AR
8/4/2017,18.98999977,19.53000069,18.87999916,19.45000076,19.45000076,3943100,AR
8/7/2017,19.39999962,19.54000092,19.14999962,19.52000046,19.52000046,3392000,AR
8/8/2017,19.31999969,19.54000092,18.86000061,18.98999977,18.98999977,2699600,AR
8/9/2017,19.05999947,19.22999954,18.27000046,18.53000069,18.53000069,4203300,AR
8/10/2017,18.64999962,18.80999947,18.52000046,18.54999924,18.54999924,3032800,AR
8/11/2017,18.28000069,18.56999969,18.22999954,18.48999977,18.48999977,2720500,AR
8/14/2017,18.53000069,19.02000046,18.51000023,18.61000061,18.61000061,2897900,AR
8/15/2017,18.53000069,18.87999916,18.42000008,18.85000038,18.85000038,2826200,AR
8/16/2017,18.79999924,19.09000015,18.76000023,18.84000015,18.84000015,2413400,AR
8/17/2017,18.79000092,19.12999916,18.5,18.51000023,18.51000023,2062800,AR
8/18/2017,18.47999954,19.09000015,18.45999908,18.81999969,18.81999969,3094400,AR
8/21/2017,18.61000061,18.75,18.30999947,18.62000084,18.62000084,2446200,AR
8/22/2017,18.72999954,19.12999916,18.62999916,19.04000092,19.04000092,3618100,AR
8/23/2017,18.94000053,19.54000092,18.89999962,19.48999977,19.48999977,2975100,AR
8/24/2017,19.42000008,19.86000061,19.42000008,19.76000023,19.76000023,3005300,AR
8/25/2017,19.80999947,19.92000008,19.56999969,19.68000031,19.68000031,2437900,AR
8/28/2017,19.68000031,19.77000046,19.37999916,19.62000084,19.62000084,4184200,AR
8/29/2017,19.5,19.61000061,19.22999954,19.40999985,19.40999985,3115500,AR
8/30/2017,19.23999977,19.46999931,19.10000038,19.34000015,19.34000015,3655800,AR
8/31/2017,19.44000053,19.87000084,19.36000061,19.69000053,19.69000053,3169100,AR
9/1/2017,19.68000031,20.02000046,19.48999977,19.87999916,19.87999916,3081300,AR
9/5/2017,19.95000076,20.21999931,19.69000053,19.89999962,19.89999962,2688200,AR
9/6/2017,20.07999992,20.26000023,19.86000061,19.95000076,19.95000076,2112300,AR
9/7/2017,19.89999962,20.04000092,19.69000053,19.70999908,19.70999908,2572900,AR
9/8/2017,19.38999939,19.52000046,18.84000015,19.23999977,19.23999977,3299500,AR
9/11/2017,19.36000061,19.86000061,19.25,19.60000038,19.60000038,3169100,AR
9/12/2017,19.72999954,20.14999962,19.62000084,19.96999931,19.96999931,3463300,AR
9/13/2017,20.14999962,20.71999931,20.12999916,20.54999924,20.54999924,3133600,AR
9/14/2017,20.62999916,20.84000015,20.40999985,20.45000076,20.45000076,2455400,AR
9/15/2017,20.43000031,20.51000023,20.05999947,20.47999954,20.47999954,5310700,AR
9/18/2017,20.44000053,20.80999947,20.30999947,20.52000046,20.52000046,2645000,AR
9/19/2017,20.54000092,20.69000053,20.12999916,20.27000046,20.27000046,1996300,AR
9/20/2017,20.28000069,20.47999954,20.14999962,20.29999924,20.29999924,3696100,AR
9/21/2017,20.18000031,20.38999939,19.45000076,19.75,19.75,5090800,AR
9/22/2017,19.65999985,19.88999939,19.5,19.85000038,19.85000038,2676600,AR
9/25/2017,19.95999908,20.17000008,19.81999969,20.17000008,20.17000008,2758900,AR
9/26/2017,20.18000031,20.57999992,20.04000092,20.37999916,20.37999916,3101500,AR
9/27/2017,20.38999939,20.53000069,20.01000023,20.35000038,20.35000038,2838700,AR
9/28/2017,20.31999969,20.37999916,19.77000046,19.88999939,19.88999939,4685700,AR
9/29/2017,19.77000046,20.12000084,19.77000046,19.89999962,19.89999962,2435200,AR
10/2/2017,19.63999939,20.37999916,19.57999992,20.31999969,20.31999969,3161500,AR
10/3/2017,20.29999924,20.65999985,20.12999916,20.51000023,20.51000023,3694400,AR
10/4/2017,20.54000092,20.98999977,20.45000076,20.69000053,20.69000053,5130200,AR
10/5/2017,20.79999924,21.01000023,20.51000023,20.54999924,20.54999924,4949700,AR
10/6/2017,20.29999924,20.53000069,20.11000061,20.23999977,20.23999977,2922000,AR
10/9/2017,20.36000061,20.54000092,20.17000008,20.34000015,20.34000015,2471300,AR
10/10/2017,20.5,20.64999962,20.29999924,20.34000015,20.34000015,4408700,AR
10/11/2017,20.36000061,20.40999985,20.02000046,20.20999908,20.20999908,2527800,AR
10/12/2017,20.01000023,20.51000023,19.80999947,20.44000053,20.44000053,2560100,AR
10/13/2017,20.55999947,20.55999947,20.06999969,20.09000015,20.09000015,2334600,AR
10/16/2017,20.15999985,20.15999985,19.37999916,19.55999947,19.55999947,3901100,AR
10/17/2017,19.57999992,19.80999947,19.54999924,19.64999962,19.64999962,2058000,AR
10/18/2017,19.73999977,19.80999947,19.57999992,19.71999931,19.71999931,2103300,AR
10/19/2017,19.47999954,19.75,19.39999962,19.59000015,19.59000015,1987100,AR
10/20/2017,19.60000038,19.71999931,19.45000076,19.45999908,19.45999908,1649800,AR
10/23/2017,19.54000092,19.62999916,19.03000069,19.07999992,19.07999992,3047300,AR
10/24/2017,19.26000023,19.26000023,18.80999947,18.95999908,18.95999908,2322100,AR
10/25/2017,18.76000023,18.84000015,18.37000084,18.51000023,18.51000023,3069100,AR
10/26/2017,18.47999954,18.48999977,17.88999939,18.13999939,18.13999939,2929100,AR
10/27/2017,18.06999969,18.76000023,17.95000076,18.75,18.75,4432600,AR
10/30/2017,18.70000076,19.20000076,18.68000031,18.95999908,18.95999908,3702500,AR
10/31/2017,18.95999908,19.44000053,18.86000061,19.39999962,19.39999962,2891800,AR
11/1/2017,19.54000092,19.79999924,19.37000084,19.68000031,19.68000031,4868600,AR
11/2/2017,18.61000061,19.48999977,18.61000061,18.89999962,18.89999962,5701600,AR
11/3/2017,18.84000015,19.38999939,18.84000015,19.23999977,19.23999977,3056700,AR
11/6/2017,19.45000076,20.10000038,19.44000053,20.09000015,20.09000015,3649800,AR
11/7/2017,19.97999954,19.98999977,19.61000061,19.70000076,19.70000076,3207100,AR
11/8/2017,19.64999962,19.70000076,19.20000076,19.48999977,19.48999977,3472200,AR
11/9/2017,19.48999977,19.85000038,19.36000061,19.77000046,19.77000046,3293700,AR
11/10/2017,19.77000046,20.28000069,19.76000023,20.26000023,20.26000023,3542000,AR
11/13/2017,20.14999962,20.19000053,19.84000015,19.88999939,19.88999939,3073400,AR
11/14/2017,19.67000008,19.77000046,18.80999947,18.86000061,18.86000061,4230100,AR
11/15/2017,18.71999931,19.04000092,18.25,18.92000008,18.92000008,4242700,AR
11/16/2017,19.37999916,19.42000008,18.98999977,19.26000023,19.26000023,3600800,AR
11/17/2017,19.39999962,19.94000053,19.38999939,19.92000008,19.92000008,2501200,AR
11/20/2017,19.37000084,19.40999985,18.76000023,18.81999969,18.81999969,3241100,AR
11/21/2017,18.89999962,19.12999916,18.63999939,18.78000069,18.78000069,1942800,AR
11/22/2017,18.92000008,19.03000069,18.70999908,18.88999939,18.88999939,1723700,AR
11/24/2017,18.94000053,19.03000069,18.56999969,18.59000015,18.59000015,810800,AR
11/27/2017,18.61000061,18.69000053,18.28000069,18.61000061,18.61000061,1912800,AR
11/28/2017,18.42000008,18.69000053,18.32999992,18.54000092,18.54000092,3341000,AR
11/29/2017,18.56999969,18.79000092,18.46999931,18.76000023,18.76000023,4242100,AR
11/30/2017,18.84000015,19.11000061,18.79000092,19,19,5199100,AR
12/1/2017,19.22999954,19.63999939,19.11000061,19.38999939,19.38999939,3996400,AR
12/4/2017,18.56999969,19.34000015,18.45999908,18.61000061,18.61000061,5613000,AR
12/5/2017,18.29000092,18.71999931,18.13999939,18.56999969,18.56999969,3119300,AR
12/6/2017,18.5,18.51000023,18.06999969,18.18000031,18.18000031,3310900,AR
12/7/2017,18.12999916,18.46999931,17.92000008,18.20000076,18.20000076,2159000,AR
12/8/2017,18.45999908,18.53000069,18.17000008,18.22999954,18.22999954,3286600,AR
12/11/2017,18.32999992,19.12999916,18.32999992,19,19,4245500,AR
12/12/2017,19.03000069,19.10000038,18.45999908,18.54999924,18.54999924,4432100,AR
12/13/2017,18.44000053,18.5,18.18000031,18.28000069,18.28000069,2725900,AR
12/14/2017,18.23999977,18.32999992,17.88999939,17.92000008,17.92000008,2806200,AR
12/15/2017,18.01000023,18.11000061,17.59000015,17.64999962,17.64999962,4001200,AR
12/18/2017,17.85000038,18.45000076,17.79000092,18.04000092,18.04000092,4931300,AR
12/19/2017,18.20000076,18.25,17.86000061,18,18,2223100,AR
12/20/2017,18.05999947,18.34000015,17.87999916,18.21999931,18.21999931,2464000,AR
12/21/2017,18.12999916,18.67000008,17.97999954,18.53000069,18.53000069,4011200,AR
12/22/2017,18.45000076,18.72999954,18.42000008,18.59000015,18.59000015,1870900,AR
12/26/2017,18.70000076,19.15999985,18.65999985,19.12999916,19.12999916,3003800,AR
12/27/2017,19.18000031,19.28000069,19,19.03000069,19.03000069,1857900,AR
12/28/2017,19.32999992,19.62999916,19.27000046,19.56999969,19.56999969,3243800,AR
12/29/2017,19.64999962,19.64999962,18.98999977,19,19,2292700,AR
1/2/2018,19.23999977,19.84000015,19.13999939,19.78000069,19.78000069,2398600,AR
1/3/2018,19.84000015,20.09000015,19.64999962,19.78000069,19.78000069,3029300,AR
1/4/2018,19.87000084,20.04000092,19.44000053,19.79999924,19.79999924,2206900,AR
1/5/2018,19.65999985,19.65999985,19.20999908,19.44000053,19.44000053,2210300,AR
1/8/2018,19.42000008,19.64999962,19.17000008,19.54000092,19.54000092,2264400,AR
1/9/2018,19.55999947,19.79000092,19.37999916,19.42000008,19.42000008,2109100,AR
1/10/2018,19.45999908,19.59000015,19.10000038,19.12000084,19.12000084,1726500,AR
1/11/2018,19.42000008,19.92000008,19.35000038,19.57999992,19.57999992,2960600,AR
1/12/2018,19.60000038,20.01000023,19.5,19.87000084,19.87000084,2456200,AR
1/16/2018,19.92000008,20.07999992,19.68000031,19.78000069,19.78000069,4144100,AR
1/17/2018,19.73999977,19.94000053,19.38999939,19.78000069,19.78000069,3065700,AR
1/18/2018,19.77000046,20.04999924,19.27000046,19.32999992,19.32999992,6865100,AR
1/19/2018,19.23999977,19.23999977,18.36000061,18.73999977,18.73999977,4875900,AR
1/22/2018,18.70999908,19.39999962,18.63999939,19.37999916,19.37999916,3745800,AR
1/23/2018,19.63999939,20.51000023,19.63999939,20.29999924,20.29999924,6715300,AR
1/24/2018,20.52000046,20.56999969,19.92000008,20.19000053,20.19000053,4071500,AR
1/25/2018,20.29000092,20.30999947,19.72999954,19.79999924,19.79999924,3559800,AR
1/26/2018,19.94000053,20.13999939,19.76000023,20,20,1709200,AR
1/29/2018,19.54000092,19.87999916,19.07999992,19.45999908,19.45999908,4580000,AR
1/30/2018,19.85000038,20.03000069,19,19.48999977,19.48999977,5031700,AR
1/31/2018,19.47999954,19.60000038,19.13999939,19.43000031,19.43000031,2962600,AR
2/1/2018,19.44000053,19.78000069,19.12999916,19.45999908,19.45999908,2839500,AR
2/2/2018,19.11000061,19.22999954,18.54999924,18.68000031,18.68000031,3368400,AR
2/5/2018,18.36000061,18.70000076,17.94000053,18.07999992,18.07999992,3946600,AR
2/6/2018,17.73999977,18.40999985,17.70000076,18.34000015,18.34000015,5977500,AR
2/7/2018,18.20000076,18.56999969,17.56999969,17.56999969,17.56999969,4939400,AR
2/8/2018,17.68000031,18.01000023,16.98999977,17.02000046,17.02000046,4963300,AR
2/9/2018,17.14999962,17.32999992,16.30999947,17.11000061,17.11000061,5466700,AR
2/12/2018,17.34000015,17.59000015,17.18000031,17.45999908,17.45999908,3449800,AR
2/13/2018,17.36000061,17.55999947,17.23999977,17.39999962,17.39999962,4250500,AR
2/14/2018,17.10000038,18.48999977,17.09000015,18.27000046,18.27000046,5941500,AR
2/15/2018,18.26000023,18.68000031,17.88999939,18.52000046,18.52000046,4705900,AR
2/16/2018,18.39999962,19.05999947,18.39999962,18.93000031,18.93000031,4001300,AR
2/20/2018,18.98999977,19.19000053,18.48999977,18.55999947,18.55999947,3509000,AR
2/21/2018,18.59000015,18.71999931,18.22999954,18.31999969,18.31999969,3388400,AR
2/22/2018,18.52000046,18.93000031,18.37999916,18.46999931,18.46999931,6044900,AR
2/23/2018,18.56999969,18.98999977,18.56999969,18.95000076,18.95000076,2787300,AR
2/26/2018,19.12999916,19.38999939,18.87000084,19.15999985,19.15999985,2991500,AR
2/27/2018,19.04000092,19.55999947,18.97999954,19.02000046,19.02000046,4589900,AR
2/28/2018,19.12999916,19.39999962,18.79999924,18.80999947,18.80999947,2934700,AR
3/1/2018,18.94000053,19.67000008,18.89999962,19.48999977,19.48999977,3817500,AR
3/2/2018,19.37999916,20.02000046,19.02000046,19.98999977,19.98999977,3261300,AR
3/5/2018,19.90999985,20.44000053,19.88999939,20.38999939,20.38999939,3042800,AR
3/6/2018,20.5,20.73999977,20.29999924,20.53000069,20.53000069,5564500,AR
3/7/2018,20.54000092,21.06999969,20.35000038,20.73999977,20.73999977,3866700,AR
3/8/2018,20.70000076,20.92000008,20.22999954,20.32999992,20.32999992,3392800,AR
3/9/2018,20.47999954,20.90999985,20.35000038,20.80999947,20.80999947,4212400,AR
3/12/2018,20.90999985,21.10000038,20.53000069,20.86000061,20.86000061,3971200,AR
3/13/2018,20.87999916,21.19000053,20.75,20.81999969,20.81999969,2082000,AR
3/14/2018,20.77000046,20.96999931,20.70999908,20.85000038,20.85000038,2406200,AR
3/15/2018,20.98999977,21.23999977,20.06999969,20.23999977,20.23999977,7356600,AR
3/16/2018,20.29000092,20.54999924,20.20000076,20.39999962,20.39999962,3852400,AR
3/19/2018,20.17000008,20.28000069,19.48999977,19.59000015,19.59000015,3528900,AR
3/20/2018,19.80999947,19.95000076,19.62999916,19.69000053,19.69000053,2265700,AR
3/21/2018,19.79000092,20.29000092,19.71999931,20.11000061,20.11000061,2920100,AR
3/22/2018,19.86000061,20.18000031,19.77000046,19.85000038,19.85000038,2492500,AR
3/23/2018,19.96999931,20.12000084,19.31999969,19.35000038,19.35000038,2659500,AR
3/26/2018,19.79999924,19.82999992,19.18000031,19.75,19.75,3242600,AR
3/27/2018,19.87000084,19.88999939,19.11000061,19.21999931,19.21999931,2948200,AR
3/28/2018,19.23999977,19.36000061,18.97999954,19.20999908,19.20999908,2864800,AR
3/29/2018,19.35000038,19.92000008,19.31999969,19.85000038,19.85000038,4205600,AR
4/2/2018,19.69000053,19.73999977,19,19.29000092,19.29000092,2924900,AR
4/3/2018,19.52000046,19.65999985,19.15999985,19.59000015,19.59000015,2479100,AR
4/4/2018,19.29999924,19.70999908,19.28000069,19.63999939,19.63999939,2226400,AR
4/5/2018,19.72999954,20.36000061,19.70999908,20.27000046,20.27000046,2128300,AR
4/6/2018,20.07999992,20.29000092,19.79999924,20.11000061,20.11000061,4593600,AR
4/9/2018,20.30999947,20.37000084,20.05999947,20.05999947,20.05999947,2287900,AR
4/10/2018,20.32999992,20.85000038,20.20000076,20.54000092,20.54000092,3243400,AR
4/11/2018,20.54999924,21.12999916,20.5,21.09000015,21.09000015,2561600,AR
4/12/2018,21.20000076,21.23999977,20.57999992,20.73999977,20.73999977,2958900,AR
4/13/2018,20.96999931,21,20.52000046,20.71999931,20.71999931,3711900,AR
4/16/2018,20.79999924,20.79999924,20.52000046,20.62000084,20.62000084,2673900,AR
4/17/2018,20.46999931,20.62000084,20.20999908,20.38999939,20.38999939,2362200,AR
4/18/2018,20.55999947,20.67000008,20.30999947,20.42000008,20.42000008,3847700,AR
4/19/2018,20.47999954,20.60000038,20.04000092,20.32999992,20.32999992,4215100,AR
4/20/2018,20.32999992,20.32999992,19.57999992,19.76000023,19.76000023,4399400,AR
4/23/2018,19.63999939,19.85000038,19.31999969,19.80999947,19.80999947,2920200,AR
4/24/2018,20.04000092,20.04000092,19.19000053,19.35000038,19.35000038,3928700,AR
4/25/2018,19.21999931,19.23999977,18.87000084,19.20999908,19.20999908,3309400,AR
4/26/2018,19.35000038,19.64999962,18.70000076,19.40999985,19.40999985,4745500,AR
4/27/2018,19.29000092,19.46999931,19.04000092,19.10000038,19.10000038,2702700,AR
4/30/2018,18.97999954,19.12999916,18.81999969,19,19,4016700,AR
5/1/2018,18.93000031,19.29000092,18.80999947,19.17000008,19.17000008,2393300,AR
5/2/2018,19.11000061,19.25,19.03000069,19.07999992,19.07999992,2351800,AR
5/3/2018,18.87000084,19.04000092,18.31999969,18.37999916,18.37999916,4598800,AR
5/4/2018,18.30999947,18.43000031,18.07999992,18.17000008,18.17000008,2978800,AR
5/7/2018,18.42000008,18.71999931,18.13999939,18.25,18.25,2890400,AR
5/8/2018,18.23999977,18.54000092,17.93000031,18.53000069,18.53000069,3579800,AR
5/9/2018,18.75,19.30999947,18.75,18.96999931,18.96999931,3857900,AR
5/10/2018,19.06999969,19.12999916,18.70000076,18.96999931,18.96999931,2229900,AR
5/11/2018,18.87999916,18.88999939,18.40999985,18.46999931,18.46999931,1741100,AR
5/14/2018,18.62000084,19.09000015,18.56999969,18.93000031,18.93000031,2156300,AR
5/15/2018,18.92000008,19.06999969,18.87999916,18.96999931,18.96999931,1741800,AR
5/16/2018,18.92000008,19.40999985,18.90999985,19.31999969,19.31999969,2327600,AR
5/17/2018,19.37000084,19.59000015,19.30999947,19.52000046,19.52000046,2427900,AR
5/18/2018,19.51000023,19.62000084,19,19.11000061,19.11000061,2549800,AR
5/21/2018,19.22999954,19.38999939,19.04000092,19.30999947,19.30999947,2251000,AR
5/22/2018,19.43000031,19.78000069,19.03000069,19.07999992,19.07999992,2370400,AR
5/23/2018,18.97999954,19,18.45999908,18.84000015,18.84000015,2533600,AR
5/24/2018,18.62000084,18.80999947,18.37999916,18.42000008,18.42000008,3704300,AR
5/25/2018,18.12000084,18.31999969,17.78000069,18.27000046,18.27000046,3521600,AR
5/29/2018,18.09000015,18.62000084,18.09000015,18.59000015,18.59000015,3675800,AR
5/30/2018,18.70000076,19.12999916,18.5,19.04000092,19.04000092,3154900,AR
5/31/2018,18.90999985,19.23999977,18.79000092,19.11000061,19.11000061,4322100,AR
6/1/2018,19.19000053,19.62000084,19.06999969,19.39999962,19.39999962,2925600,AR
6/4/2018,19.39999962,19.54000092,18.70000076,18.72999954,18.72999954,2706500,AR
6/5/2018,18.65999985,19.01000023,18.37999916,18.87000084,18.87000084,2199100,AR
6/6/2018,19,19.38999939,18.87999916,19.15999985,19.15999985,2956300,AR
6/7/2018,19.37000084,19.89999962,19.30999947,19.82999992,19.82999992,4796800,AR
6/8/2018,19.75,19.87999916,19.29000092,19.62000084,19.62000084,2160400,AR
6/11/2018,19.59000015,19.73999977,19.23999977,19.59000015,19.59000015,2481000,AR
6/12/2018,19.62999916,20.10000038,19.62999916,19.98999977,19.98999977,3159900,AR
6/13/2018,19.97999954,20.37000084,19.89999962,20.15999985,20.15999985,3590900,AR
6/14/2018,20.29999924,20.38999939,19.57999992,19.76000023,19.76000023,2358300,AR
6/15/2018,19.65999985,19.75,19.46999931,19.5,19.5,3729800,AR
6/18/2018,19.47999954,20.21999931,19.42000008,19.79000092,19.79000092,2197400,AR
6/19/2018,19.48999977,20.20000076,19.36000061,20.18000031,20.18000031,2106200,AR
6/20/2018,20.34000015,20.77000046,20.25,20.68000031,20.68000031,1730800,AR
6/21/2018,20.56999969,21.13999939,20.43000031,20.70999908,20.70999908,2486100,AR
6/22/2018,21.37999916,21.37999916,20.73999977,20.80999947,20.80999947,3410000,AR
6/25/2018,20.81999969,20.88999939,20.42000008,20.5,20.5,2884000,AR
6/26/2018,20.52000046,21.04999924,20.40999985,20.94000053,20.94000053,2180000,AR
6/27/2018,21.26000023,21.42000008,20.95000076,21.07999992,21.07999992,2068900,AR
6/28/2018,21.20999908,21.30999947,20.90999985,21.29999924,21.29999924,1949000,AR
6/29/2018,20.94000053,21.72999954,20.94000053,21.35000038,21.35000038,2041500,AR
7/2/2018,21.14999962,21.18000031,20.82999992,20.94000053,20.94000053,3495000,AR
7/3/2018,21.27000046,21.48999977,21.13999939,21.34000015,21.34000015,2335800,AR
7/5/2018,21.42000008,21.72999954,21.36000061,21.46999931,21.46999931,1715500,AR
7/6/2018,21.44000053,21.93000031,21.36000061,21.84000015,21.84000015,1834000,AR
7/9/2018,21.98999977,22.52000046,21.95999908,22.44000053,22.44000053,3470700,AR
7/10/2018,22.61000061,22.69000053,22.14999962,22.36000061,22.36000061,1839200,AR
7/11/2018,22.25,22.31999969,21.72999954,21.95000076,21.95000076,1747800,AR
7/12/2018,22.02000046,22.06999969,21.46999931,21.69000053,21.69000053,2279300,AR
7/13/2018,21.70000076,22.07999992,21.68000031,21.76000023,21.76000023,3081300,AR
7/16/2018,21.45999908,21.65999985,21.19000053,21.42000008,21.42000008,2609300,AR
7/17/2018,21.38999939,21.62000084,21.26000023,21.45000076,21.45000076,1603900,AR
7/18/2018,21.42000008,21.42000008,20.88999939,21.01000023,21.01000023,3420600,AR
7/19/2018,21.13999939,21.45000076,21.02000046,21.22999954,21.22999954,1832600,AR
7/20/2018,21.21999931,21.30999947,21,21.15999985,21.15999985,1144000,AR
7/23/2018,21.20999908,21.38999939,20.95000076,21.04000092,21.04000092,2022900,AR
7/24/2018,21.15999985,21.23999977,20.98999977,21.05999947,21.05999947,1650200,AR
7/25/2018,21.12999916,21.27000046,20.87000084,21.27000046,21.27000046,1821700,AR
7/26/2018,21.18000031,21.61000061,21.10000038,21.23999977,21.23999977,2242800,AR
7/27/2018,21.13999939,21.29999924,20.07999992,20.22999954,20.22999954,2913100,AR
7/30/2018,20.37999916,20.64999962,20.31999969,20.36000061,20.36000061,2699200,AR
7/31/2018,20.46999931,20.61000061,20.19000053,20.54000092,20.54000092,3263200,AR
8/1/2018,20.27000046,20.39999962,19.92000008,20.01000023,20.01000023,2894700,AR
8/2/2018,19.26000023,19.52000046,18.53000069,18.95999908,18.95999908,7882500,AR
8/3/2018,19.04999924,19.04999924,18.61000061,18.82999992,18.82999992,4064200,AR
8/6/2018,18.88999939,19.05999947,18.63999939,18.71999931,18.71999931,2812400,AR
8/7/2018,18.93000031,19.06999969,18.79000092,18.98999977,18.98999977,4323200,AR
8/8/2018,18.88999939,19.01000023,18.61000061,18.78000069,18.78000069,2073300,AR
8/9/2018,18.84000015,18.93000031,18.65999985,18.70999908,18.70999908,1690300,AR
8/10/2018,18.59000015,18.86000061,18.34000015,18.76000023,18.76000023,2347300,AR
8/13/2018,18.68000031,18.79999924,17.89999962,17.92000008,17.92000008,3423700,AR
8/14/2018,18.07999992,18.19000053,17.93000031,18.13999939,18.13999939,3175300,AR
8/15/2018,17.95999908,18.01000023,17.25,17.65999985,17.65999985,3716100,AR
8/16/2018,17.71999931,17.82999992,17.40999985,17.46999931,17.46999931,2051000,AR
8/17/2018,17.5,17.67000008,17.39999962,17.5,17.5,1683100,AR
8/20/2018,17.47999954,17.62999916,17.25,17.61000061,17.61000061,2075900,AR
8/21/2018,17.82999992,18.21999931,17.79000092,18.10000038,18.10000038,3662400,AR
8/22/2018,18.26000023,18.57999992,18.22999954,18.44000053,18.44000053,2128700,AR
8/23/2018,18.36000061,18.51000023,18.15999985,18.39999962,18.39999962,1790700,AR
8/24/2018,18.55999947,18.67000008,18.47999954,18.48999977,18.48999977,1328700,AR
8/27/2018,18.46999931,18.77000046,18.42000008,18.51000023,18.51000023,2278300,AR
8/28/2018,18.53000069,18.64999962,18.29000092,18.42000008,18.42000008,2894700,AR
8/29/2018,18.48999977,18.75,18.32999992,18.61000061,18.61000061,1855600,AR
8/30/2018,18.62000084,18.94000053,18.54999924,18.87000084,18.87000084,2588000,AR
8/31/2018,18.77000046,18.86000061,18.42000008,18.51000023,18.51000023,2564500,AR
9/4/2018,18.57999992,18.69000053,17.85000038,17.88999939,17.88999939,2182600,AR
9/5/2018,17.73999977,17.79000092,17.31999969,17.67000008,17.67000008,2845200,AR
9/6/2018,17.67000008,17.69000053,16.96999931,17.11000061,17.11000061,3550900,AR
9/7/2018,16.92000008,17.29000092,16.76000023,17.18000031,17.18000031,3112100,AR
9/10/2018,17.19000053,17.61000061,17.19000053,17.51000023,17.51000023,4293500,AR
9/11/2018,17.46999931,17.81999969,17.42000008,17.78000069,17.78000069,3522700,AR
9/12/2018,17.93000031,18.54999924,17.93000031,18.20999908,18.20999908,3937100,AR
9/13/2018,18.20000076,18.72999954,18.13999939,18.53000069,18.53000069,2989800,AR
9/14/2018,18.57999992,18.78000069,18.51000023,18.61000061,18.61000061,2010500,AR
9/17/2018,18.64999962,18.90999985,18.59000015,18.79999924,18.79999924,3086100,AR
9/18/2018,18.97999954,19.35000038,18.87999916,19.31999969,19.31999969,3704800,AR
9/19/2018,19.30999947,20.04999924,19.28000069,19.94000053,19.94000053,2930900,AR
9/20/2018,20.04000092,20.20999908,19.69000053,19.79000092,19.79000092,4059000,AR
9/21/2018,19.77000046,19.78000069,18.77000046,19.07999992,19.07999992,9033300,AR
9/24/2018,19.35000038,19.38999939,18.46999931,18.70999908,18.70999908,5980300,AR
9/25/2018,18.85000038,18.89999962,18.48999977,18.79000092,18.79000092,3680400,AR
9/26/2018,18.62000084,18.65999985,17.36000061,17.39999962,17.39999962,4549100,AR
9/27/2018,17.60000038,18.10000038,17.5,17.75,17.75,4198300,AR
9/28/2018,17.73999977,18.13999939,17.68000031,17.70999908,17.70999908,4217700,AR
10/1/2018,17.85000038,18.12999916,17.70000076,17.95999908,17.95999908,2489400,AR
10/2/2018,17.90999985,18.20999908,17.79000092,17.89999962,17.89999962,2253900,AR
10/3/2018,18.04000092,18.56999969,17.78000069,18.46999931,18.46999931,2155500,AR
10/4/2018,18.51000023,18.88999939,18.14999962,18.20999908,18.20999908,3130600,AR
10/5/2018,18.29000092,18.65999985,18.29000092,18.57999992,18.57999992,2274900,AR
10/8/2018,18.52000046,19.20000076,18.37000084,18.87999916,18.87999916,3454100,AR
10/9/2018,19.27000046,19.70999908,19.11000061,19.47999954,19.47999954,5981100,AR
10/10/2018,19.62000084,19.96999931,19.14999962,19.17000008,19.17000008,6105000,AR
10/11/2018,18.81999969,19.37999916,18.79999924,18.85000038,18.85000038,5542700,AR
10/12/2018,19.19000053,19.22999954,18.45000076,18.68000031,18.68000031,3588200,AR
10/15/2018,18.79999924,19.15999985,18.77000046,18.86000061,18.86000061,3699400,AR
10/16/2018,18.89999962,19.29000092,18.80999947,19.13999939,19.13999939,3364000,AR
10/17/2018,19.12000084,19.34000015,18.70999908,18.79000092,18.79000092,3039800,AR
10/18/2018,18.46999931,18.56999969,17.93000031,18.13999939,18.13999939,3976800,AR
10/19/2018,18.17000008,18.70000076,18.12000084,18.20999908,18.20999908,3291900,AR
10/22/2018,18.23999977,18.23999977,17.36000061,17.48999977,17.48999977,3429900,AR
10/23/2018,17.14999962,17.22999954,16.67000008,16.85000038,16.85000038,4604300,AR
10/24/2018,17.04000092,17.21999931,15.93999958,16,16,4676600,AR
10/25/2018,16.20999908,16.54000092,15.88000011,16.30999947,16.30999947,5799900,AR
10/26/2018,16.06999969,16.32999992,15.57999992,16.13999939,16.13999939,4727500,AR
10/29/2018,16.14999962,16.51000023,15.51000023,15.73999977,15.73999977,4192700,AR
10/30/2018,15.60999966,15.96000004,15.28999996,15.56000042,15.56000042,6307700,AR
10/31/2018,15.73999977,16.07999992,15.55000019,15.89000034,15.89000034,6626700,AR
11/1/2018,15.86999989,16.79999924,15.68000031,16.46999931,16.46999931,6895600,AR
11/2/2018,16.42000008,16.51000023,15.53999996,15.81000042,15.81000042,7297500,AR
11/5/2018,16.37000084,17.28000069,16.25,17.11000061,17.11000061,6377500,AR
11/6/2018,16.95999908,17.09000015,16.62999916,16.81999969,16.81999969,3431300,AR
11/7/2018,17.04999924,17.25,16.42000008,16.79000092,16.79000092,3598800,AR
11/8/2018,16.78000069,16.98999977,16.37000084,16.44000053,16.44000053,4040300,AR
11/9/2018,15.40999985,16.12000084,15.40999985,15.69999981,15.69999981,12925900,AR
11/12/2018,15.86999989,16.21999931,15.75,15.90999985,15.90999985,7368400,AR
11/13/2018,16.01000023,16.45000076,15.22000027,15.27000046,15.27000046,8125700,AR
11/14/2018,15.5,15.56000042,13.90999985,14.19999981,14.19999981,12299200,AR
11/15/2018,14.05000019,14.36999989,13.92000008,14.22000027,14.22000027,5791600,AR
11/16/2018,14.34000015,14.51000023,13.88000011,14.05000019,14.05000019,4142500,AR
11/19/2018,13.92000008,14.34000015,13.86999989,14.14000034,14.14000034,5039800,AR
11/20/2018,13.82999992,14.14000034,13.27999973,13.34000015,13.34000015,6700700,AR
11/21/2018,13.40999985,14.02000046,13.39999962,13.89000034,13.89000034,4583400,AR
11/23/2018,13.43000031,13.96000004,13.40999985,13.85999966,13.85999966,2172000,AR
11/26/2018,13.93999958,14.14999962,13.64000034,13.73999977,13.73999977,4472800,AR
11/27/2018,13.73999977,13.77999973,13.06999969,13.39999962,13.39999962,6555000,AR
11/28/2018,13.42000008,13.97000027,13.42000008,13.78999996,13.78999996,4570400,AR
11/29/2018,13.77999973,13.86999989,13.31999969,13.47999954,13.47999954,6292000,AR
11/30/2018,13.42000008,13.47000027,13.03999996,13.13000011,13.13000011,5847300,AR
12/3/2018,13.48999977,13.48999977,12.92000008,13.27000046,13.27000046,6085700,AR
12/4/2018,13.30000019,13.35999966,12.64999962,12.68000031,12.68000031,4816700,AR
12/6/2018,12.23999977,12.89000034,12.10999966,12.77999973,12.77999973,6379700,AR
12/7/2018,12.93000031,13.23999977,12.75,12.75,12.75,4447300,AR
12/10/2018,12.61999989,12.98999977,12.52999973,12.78999996,12.78999996,6757800,AR
12/11/2018,12.98999977,13.11999989,12.40999985,12.43999958,12.43999958,4526100,AR
12/12/2018,12.56000042,12.84000015,12.23999977,12.25,12.25,4184400,AR
12/13/2018,12.21000004,12.28999996,11.96000004,12.15999985,12.15999985,5374800,AR
12/14/2018,12.02999973,12.02999973,11.22999954,11.31000042,11.31000042,5810000,AR
12/17/2018,11.18999958,11.47000027,10.64000034,10.77999973,10.77999973,6868800,AR
12/18/2018,10.93999958,11.14999962,10.67000008,10.72999954,10.72999954,6563600,AR
12/19/2018,10.59000015,10.72999954,9.970000267,10.05000019,10.05000019,7936200,AR
12/20/2018,9.899999619,10.14999962,9.630000114,9.75,9.75,8712900,AR
12/21/2018,9.75,9.840000153,9.289999962,9.399999619,9.399999619,8166700,AR
12/24/2018,9.229999542,9.369999886,9.039999962,9.079999924,9.079999924,4659000,AR
12/26/2018,9.149999619,9.890000343,8.859999657,9.869999886,9.869999886,6591000,AR
12/27/2018,9.729999542,9.899999619,9.340000153,9.829999924,9.829999924,6138000,AR
12/28/2018,9.869999886,9.869999886,9.170000076,9.210000038,9.210000038,7471300,AR
12/31/2018,9.260000229,9.420000076,9,9.390000343,9.390000343,6268900,AR
1/2/2019,9.199999809,9.840000153,8.909999847,9.760000229,9.760000229,8906700,AR
1/3/2019,9.729999542,9.789999962,9.399999619,9.529999733,9.529999733,4279200,AR
1/4/2019,9.710000038,10.31999969,9.680000305,10.25,10.25,5750500,AR
1/7/2019,10.35999966,10.64999962,10.18999958,10.51000023,10.51000023,6103400,AR
1/8/2019,10.65999985,10.69999981,10.35000038,10.47000027,10.47000027,5052200,AR
1/9/2019,10.60999966,10.64000034,10.28999996,10.51000023,10.51000023,6308200,AR
1/10/2019,10.44999981,10.84000015,10.28999996,10.65999985,10.65999985,4765100,AR
1/11/2019,10.51000023,10.63000011,10.34000015,10.5,10.5,4501500,AR
1/14/2019,10.39000034,10.80000019,10.34000015,10.76000023,10.76000023,5747800,AR
1/15/2019,10.80000019,11.02000046,10.75,10.93999958,10.93999958,5061200,AR
1/16/2019,10.89999962,11.02999973,10.68000031,10.71000004,10.71000004,4687900,AR
1/17/2019,10.65999985,10.81999969,10.39000034,10.76000023,10.76000023,3724800,AR
1/18/2019,10.85999966,10.97000027,10.68000031,10.81999969,10.81999969,3091400,AR
1/22/2019,10.68999958,10.68999958,10.22000027,10.38000011,10.38000011,4848100,AR
1/23/2019,10.47999954,10.59000015,9.970000267,10.05000019,10.05000019,5673300,AR
1/24/2019,10,10.14000034,9.779999733,10,10,6358700,AR
1/25/2019,10.01000023,10.5,10.01000023,10.40999985,10.40999985,5286900,AR
1/28/2019,10.30000019,10.46000004,10.14999962,10.26000023,10.26000023,4231100,AR
1/29/2019,10.31000042,10.44999981,10.18000031,10.31000042,10.31000042,2199000,AR
1/30/2019,10.36999989,10.56000042,10.19999981,10.56000042,10.56000042,3615300,AR
1/31/2019,10.52999973,10.65999985,9.960000038,10.06000042,10.06000042,3889400,AR
2/1/2019,10.10000038,10.30000019,9.989999771,10.21000004,10.21000004,3436700,AR
2/4/2019,10.14000034,10.14000034,9.869999886,10.05000019,10.05000019,3553800,AR
2/5/2019,10.09000015,10.14999962,9.609999657,9.659999847,9.659999847,4709700,AR
2/6/2019,9.619999886,9.75,9.300000191,9.319999695,9.319999695,5612200,AR
2/7/2019,9.289999962,9.31000042,8.649999619,8.729999542,8.729999542,9177600,AR
2/8/2019,8.68999958,8.840000153,8.529999733,8.829999924,8.829999924,5605800,AR
2/11/2019,8.869999886,9.130000114,8.770000458,9.039999962,9.039999962,4524600,AR
2/12/2019,9.180000305,9.350000381,9.039999962,9.270000458,9.270000458,7405900,AR
2/13/2019,9.210000038,9.460000038,8.960000038,9.069999695,9.069999695,8329000,AR
2/14/2019,9.010000229,9.319999695,8.729999542,9.069999695,9.069999695,13912600,AR
2/15/2019,9.130000114,9.699999809,9.119999886,9.609999657,9.609999657,8591300,AR
2/19/2019,9.600000381,9.890000343,9.479999542,9.659999847,9.659999847,5867000,AR
2/20/2019,9.699999809,10.11999989,9.609999657,9.840000153,9.840000153,7385000,AR
2/21/2019,9.880000114,9.949999809,9.699999809,9.729999542,9.729999542,6189400,AR
2/22/2019,9.81000042,9.890000343,9.520000458,9.640000343,9.640000343,4870200,AR
2/25/2019,9.630000114,9.840000153,9.489999771,9.659999847,9.659999847,5341500,AR
2/26/2019,9.649999619,9.840000153,9.43999958,9.470000267,9.470000267,5243300,AR
2/27/2019,9.359999657,9.409999847,8.960000038,8.989999771,8.989999771,8452900,AR
2/28/2019,9.020000458,9.100000381,8.649999619,8.659999847,8.659999847,20036200,AR
3/1/2019,8.779999733,9.220000267,8.720000267,9.149999619,9.149999619,13558500,AR
3/4/2019,9.149999619,9.409999847,9.06000042,9.180000305,9.180000305,7560800,AR
3/5/2019,9.130000114,9.170000076,8.909999847,8.989999771,8.989999771,6379600,AR
3/6/2019,8.880000114,8.949999809,8.569999695,8.600000381,8.600000381,6027200,AR
3/7/2019,8.590000153,8.590000153,8.199999809,8.300000191,8.300000191,11297600,AR
3/8/2019,8.180000305,8.180000305,7.699999809,7.809999943,7.809999943,8891600,AR
3/11/2019,7.78000021,7.989999771,7.630000114,7.980000019,7.980000019,8421700,AR
3/12/2019,8.100000381,8.260000229,8.020000458,8.170000076,8.170000076,4923900,AR
3/13/2019,8.239999771,8.539999962,8.210000038,8.329999924,8.329999924,6765500,AR
3/14/2019,8.399999619,8.670000076,8.399999619,8.579999924,8.579999924,6469000,AR
3/15/2019,8.5,8.579999924,8.270000458,8.420000076,8.420000076,11009600,AR
3/18/2019,8.479999542,8.720000267,8.390000343,8.68999958,8.68999958,7183300,AR
3/19/2019,8.600000381,8.680000305,8.5,8.539999962,8.539999962,6392300,AR
3/20/2019,8.489999771,9.020000458,8.479999542,8.859999657,8.859999657,8008000,AR
3/21/2019,8.829999924,8.909999847,8.670000076,8.739999771,8.739999771,5457600,AR
3/22/2019,8.649999619,8.659999847,8.300000191,8.390000343,8.390000343,5203600,AR
3/25/2019,8.390000343,8.489999771,8.170000076,8.390000343,8.390000343,5588500,AR
3/26/2019,8.489999771,8.699999809,8.369999886,8.510000229,8.510000229,4718200,AR
3/27/2019,8.460000038,8.609999657,8.350000381,8.430000305,8.430000305,3323000,AR
3/28/2019,8.449999809,8.68999958,8.319999695,8.659999847,8.659999847,4119000,AR
3/29/2019,8.75,8.920000076,8.649999619,8.829999924,8.829999924,4604600,AR
4/1/2019,8.920000076,9.079999924,8.68999958,8.720000267,8.720000267,5721200,AR
4/2/2019,8.739999771,8.909999847,8.640000343,8.649999619,8.649999619,4798200,AR
4/3/2019,8.699999809,8.770000458,8.18999958,8.199999809,8.199999809,5732600,AR
4/4/2019,8.210000038,8.409999847,8.140000343,8.409999847,8.409999847,5832500,AR
4/5/2019,8.449999809,9,8.449999809,8.979999542,8.979999542,8049000,AR
4/8/2019,9.039999962,9.180000305,8.850000381,8.970000267,8.970000267,6162600,AR
4/9/2019,8.949999809,8.949999809,8.510000229,8.550000191,8.550000191,5429300,AR
4/10/2019,8.569999695,8.720000267,8.5,8.56000042,8.56000042,3740500,AR
4/11/2019,8.510000229,8.579999924,8.279999733,8.329999924,8.329999924,4385700,AR
4/12/2019,8.56000042,8.909999847,8.550000191,8.68999958,8.68999958,5336100,AR
4/15/2019,8.649999619,8.819999695,8.460000038,8.590000153,8.590000153,5128500,AR
4/16/2019,8.640000343,8.729999542,8.420000076,8.68999958,8.68999958,2837100,AR
4/17/2019,8.699999809,8.760000229,8.460000038,8.489999771,8.489999771,3584800,AR
4/18/2019,8.489999771,8.56000042,8.050000191,8.090000153,8.090000153,5736600,AR
4/22/2019,8.170000076,8.170000076,7.78000021,8.039999962,8.039999962,8751100,AR
4/23/2019,8.069999695,8.319999695,7.860000134,7.900000095,7.900000095,10933700,AR
4/24/2019,7.900000095,7.96999979,7.639999866,7.650000095,7.650000095,7485500,AR
4/25/2019,7.659999847,7.679999828,7.210000038,7.260000229,7.260000229,9951700,AR
4/26/2019,7.21999979,7.570000172,7.210000038,7.46999979,7.46999979,9640100,AR
4/29/2019,7.449999809,7.5,7.300000191,7.489999771,7.489999771,5514800,AR
4/30/2019,7.510000229,7.53000021,7.159999847,7.25,7.25,6922200,AR
5/1/2019,7.28000021,7.329999924,7.070000172,7.130000114,7.130000114,6334900,AR
5/2/2019,7.300000191,7.340000153,6.75,7.21999979,7.21999979,12474000,AR
5/3/2019,7.269999981,7.389999866,7.139999866,7.170000076,7.170000076,9728000,AR
5/6/2019,7.079999924,7.599999905,7.039999962,7.539999962,7.539999962,8834200,AR
5/7/2019,7.480000019,8.090000153,7.449999809,8,8,14042300,AR
5/8/2019,8.039999962,8.279999733,7.929999828,7.989999771,7.989999771,6329100,AR
5/9/2019,7.909999847,8.06000042,7.809999943,8,8,4320600,AR
5/10/2019,7.96999979,8.079999924,7.860000134,8.039999962,8.039999962,2493100,AR
5/13/2019,7.900000095,8.029999733,7.769999981,7.840000153,7.840000153,6821500,AR
5/14/2019,7.900000095,8.090000153,7.800000191,8.06000042,8.06000042,8586500,AR
5/15/2019,8,8.25,7.989999771,8.239999771,8.239999771,4309400,AR
5/16/2019,8.260000229,8.31000042,7.949999809,7.980000019,7.980000019,6796600,AR
5/17/2019,7.900000095,7.980000019,7.579999924,7.619999886,7.619999886,8959100,AR
5/20/2019,7.599999905,7.610000134,7.25,7.28000021,7.28000021,5600100,AR
5/21/2019,7.289999962,7.389999866,7.119999886,7.389999866,7.389999866,6370300,AR
5/22/2019,7.28000021,7.28000021,6.880000114,6.900000095,6.900000095,7826700,AR
5/23/2019,6.900000095,6.960000038,6.619999886,6.889999866,6.889999866,9658200,AR
5/24/2019,6.960000038,7.119999886,6.789999962,7.079999924,7.079999924,9475700,AR
5/28/2019,7.050000191,7.130000114,6.71999979,6.75,6.75,5330100,AR
5/29/2019,6.699999809,7.010000229,6.570000172,6.96999979,6.96999979,6986300,AR
5/30/2019,6.849999905,6.949999809,6.5,6.550000191,6.550000191,6671700,AR
5/31/2019,6.400000095,6.590000153,6.400000095,6.570000172,6.570000172,5743200,AR
6/3/2019,6.599999905,6.730000019,6.440000057,6.699999809,6.699999809,8232000,AR
6/4/2019,6.760000229,7.179999828,6.699999809,7.050000191,7.050000191,9681800,AR
6/5/2019,7.03000021,7.090000153,6.400000095,6.599999905,6.599999905,6945200,AR
6/6/2019,6.570000172,6.699999809,6.300000191,6.460000038,6.460000038,8016700,AR
6/7/2019,6.449999809,6.519999981,6.21999979,6.449999809,6.449999809,6176000,AR
6/10/2019,6.449999809,6.739999771,6.21999979,6.25,6.25,6654600,AR
6/11/2019,6.300000191,6.369999886,6.059999943,6.079999924,6.079999924,7655900,AR
6/12/2019,6.070000172,6.090000153,5.739999771,5.760000229,5.760000229,9594700,AR
6/13/2019,5.909999847,6.070000172,5.800000191,5.880000114,5.880000114,11698400,AR
6/14/2019,5.849999905,5.96999979,5.630000114,5.699999809,5.699999809,9099500,AR
6/17/2019,5.639999866,5.829999924,5.519999981,5.699999809,5.699999809,8222800,AR
6/18/2019,5.760000229,5.929999828,5.650000095,5.71999979,5.71999979,9837400,AR
6/19/2019,5.690000057,5.730000019,5.53000021,5.579999924,5.579999924,8075600,AR
6/20/2019,5.670000076,5.809999943,5.420000076,5.46999979,5.46999979,10963200,AR
6/21/2019,5.460000038,5.599999905,5.269999981,5.579999924,5.579999924,11688100,AR
6/24/2019,5.539999962,5.579999924,5.300000191,5.369999886,5.369999886,9232600,AR
6/25/2019,5.380000114,5.519999981,5.199999809,5.400000095,5.400000095,15291300,AR
6/26/2019,5.380000114,5.53000021,5.289999962,5.480000019,5.480000019,11416400,AR
6/27/2019,5.440000057,5.570000172,5.360000134,5.380000114,5.380000114,6756200,AR
6/28/2019,5.380000114,5.53000021,5.300000191,5.53000021,5.53000021,12575800,AR
7/1/2019,5.599999905,5.679999828,5.369999886,5.389999866,5.389999866,7072100,AR
7/2/2019,5.409999847,5.440000057,5.210000038,5.260000229,5.260000229,9864600,AR
7/3/2019,5.300000191,5.46999979,5.230000019,5.449999809,5.449999809,6179500,AR
7/5/2019,5.440000057,5.650000095,5.440000057,5.539999962,5.539999962,5882400,AR
7/8/2019,5.46999979,5.53000021,5.28000021,5.300000191,5.300000191,8341900,AR
7/9/2019,5.369999886,5.400000095,5.199999809,5.389999866,5.389999866,8260600,AR
7/10/2019,5.409999847,5.480000019,5.289999962,5.440000057,5.440000057,9843200,AR
7/11/2019,5.449999809,5.639999866,5.150000095,5.159999847,5.159999847,8952200,AR
7/12/2019,5.199999809,5.289999962,5.150000095,5.199999809,5.199999809,5656800,AR
7/15/2019,5.190000057,5.25,4.96999979,5.110000134,5.110000134,9614500,AR
7/16/2019,5.099999905,5.179999828,4.840000153,4.920000076,4.920000076,10310700,AR
7/17/2019,4.900000095,4.960000038,4.739999771,4.75,4.75,7586900,AR
7/18/2019,4.71999979,4.760000229,4.570000172,4.71999979,4.71999979,11082200,AR
7/19/2019,4.730000019,4.96999979,4.690000057,4.909999847,4.909999847,13480700,AR
7/22/2019,5,5.119999886,4.889999866,4.96999979,4.96999979,11865600,AR
7/23/2019,4.960000038,5.039999962,4.869999886,4.989999771,4.989999771,6711600,AR
7/24/2019,4.980000019,5.050000191,4.900000095,4.920000076,4.920000076,4538600,AR
7/25/2019,4.929999828,4.989999771,4.389999866,4.489999771,4.489999771,10724700,AR
7/26/2019,4.449999809,4.539999962,4.119999886,4.130000114,4.130000114,10629300,AR
7/29/2019,4.119999886,4.170000076,3.99000001,4.039999962,4.039999962,16803900,AR
7/30/2019,4.03000021,4.639999866,3.950000048,4.539999962,4.539999962,16893500,AR
7/31/2019,4.590000153,4.78000021,4.400000095,4.610000134,4.610000134,12548400,AR
8/1/2019,4.630000114,4.800000191,4.239999771,4.510000229,4.510000229,16462200,AR
8/2/2019,4.599999905,4.78000021,4.409999847,4.650000095,4.650000095,13351900,AR
8/5/2019,4.519999981,4.519999981,4.179999828,4.389999866,4.389999866,9363500,AR
8/6/2019,4.349999905,4.360000134,4,4.130000114,4.130000114,12389500,AR
8/7/2019,4.050000191,4.059999943,3.670000076,3.779999971,3.779999971,17550100,AR
8/8/2019,3.940000057,3.970000029,3.690000057,3.75999999,3.75999999,11387400,AR
8/9/2019,3.769999981,3.789999962,3.5,3.529999971,3.529999971,10901700,AR
8/12/2019,3.519999981,3.569999933,3.420000076,3.549999952,3.549999952,7355500,AR
8/13/2019,3.569999933,3.690000057,3.480000019,3.519999981,3.519999981,16498900,AR
8/14/2019,3.450000048,3.49000001,3.220000029,3.349999905,3.349999905,8697900,AR
8/15/2019,3.299999952,3.559999943,3.279999971,3.440000057,3.440000057,11193700,AR
8/16/2019,3.430000067,3.640000105,3.359999895,3.609999895,3.609999895,8866500,AR
8/19/2019,3.619999886,3.779999971,3.609999895,3.75,3.75,8306400,AR
8/20/2019,3.670000076,3.769999981,3.480000019,3.599999905,3.599999905,8036100,AR
8/21/2019,3.619999886,3.680000067,3.420000076,3.470000029,3.470000029,6186000,AR
8/22/2019,3.450000048,3.579999924,3.339999914,3.339999914,3.339999914,8087600,AR
8/23/2019,3.299999952,3.470000029,3.220000029,3.25999999,3.25999999,11255800,AR
8/26/2019,3.299999952,3.349999905,3.079999924,3.119999886,3.119999886,9353300,AR
8/27/2019,3.140000105,3.140000105,2.779999971,2.799999952,2.799999952,16020300,AR
8/28/2019,2.839999914,3.160000086,2.829999924,3.109999895,3.109999895,11641600,AR
8/29/2019,3.130000114,3.450000048,3.089999914,3.369999886,3.369999886,9507200,AR
8/30/2019,3.349999905,3.359999895,3.00999999,3.170000076,3.170000076,6877700,AR
9/3/2019,3.140000105,3.279999971,3,3.220000029,3.220000029,9109300,AR
9/4/2019,3.269999981,3.599999905,3.210000038,3.539999962,3.539999962,13109800,AR
9/5/2019,3.599999905,3.890000105,3.579999924,3.700000048,3.700000048,10928900,AR
9/6/2019,3.549999952,3.630000114,3.289999962,3.529999971,3.529999971,9916400,AR
9/9/2019,3.549999952,4,3.549999952,3.869999886,3.869999886,13115800,AR
9/10/2019,3.99000001,4.230000019,3.720000029,3.779999971,3.779999971,17100400,AR
9/11/2019,3.819999933,4.079999924,3.640000105,3.869999886,3.869999886,8656600,AR
9/12/2019,3.809999943,3.809999943,3.50999999,3.539999962,3.539999962,8728100,AR
9/13/2019,3.569999933,3.74000001,3.380000114,3.609999895,3.609999895,9920900,AR
9/16/2019,3.99000001,4.380000114,3.869999886,4.300000191,4.300000191,21584700,AR
9/17/2019,4.199999809,4.409999847,3.910000086,4.210000038,4.210000038,16983900,AR
9/18/2019,4.139999866,4.25,3.880000114,3.920000076,3.920000076,9523800,AR
9/19/2019,3.99000001,4.179999828,3.640000105,3.799999952,3.799999952,12637500,AR
9/20/2019,3.819999933,3.940000057,3.700000048,3.819999933,3.819999933,14499000,AR
9/23/2019,3.769999981,3.829999924,3.430000067,3.559999943,3.559999943,11329200,AR
9/24/2019,3.549999952,3.549999952,3.220000029,3.359999895,3.359999895,7980200,AR
9/25/2019,3.329999924,3.380000114,3.180000067,3.289999962,3.289999962,7968100,AR
9/26/2019,3.25999999,3.289999962,2.960000038,3.119999886,3.119999886,11225800,AR
9/27/2019,3.059999943,3.299999952,2.980000019,3.279999971,3.279999971,7890400,AR
9/30/2019,3.220000029,3.25,2.950000048,3.019999981,3.019999981,10167600,AR
10/1/2019,3.019999981,3.099999905,2.779999971,2.890000105,2.890000105,10289100,AR
10/2/2019,2.890000105,3.109999895,2.75,2.789999962,2.789999962,11447200,AR
10/3/2019,2.74000001,2.890000105,2.670000076,2.849999905,2.849999905,11248000,AR
10/4/2019,2.799999952,2.920000076,2.660000086,2.900000095,2.900000095,13692400,AR
10/7/2019,2.880000114,2.930000067,2.660000086,2.670000076,2.670000076,14274700,AR
10/8/2019,2.640000105,2.710000038,2.450000048,2.460000038,2.460000038,10337000,AR
10/9/2019,2.529999971,2.529999971,2.380000114,2.460000038,2.460000038,7715400,AR
10/10/2019,2.480000019,2.569999933,2.430000067,2.470000029,2.470000029,6210700,AR
10/11/2019,2.50999999,2.769999981,2.480000019,2.730000019,2.730000019,13493700,AR
10/14/2019,2.690000057,2.799999952,2.450000048,2.789999962,2.789999962,10524500,AR
10/15/2019,2.74000001,2.809999943,2.630000114,2.650000095,2.650000095,13112200,AR
10/16/2019,2.650000095,2.75999999,2.609999895,2.650000095,2.650000095,8802200,AR
10/17/2019,2.640000105,2.829999924,2.619999886,2.799999952,2.799999952,11473000,AR
10/18/2019,2.789999962,2.890000105,2.519999981,2.549999952,2.549999952,11300000,AR
10/21/2019,2.539999962,2.589999914,2.420000076,2.569999933,2.569999933,8350000,AR
10/22/2019,2.579999924,2.640000105,2.450000048,2.549999952,2.549999952,10479200,AR
10/23/2019,2.539999962,2.680000067,2.440000057,2.559999943,2.559999943,10865600,AR
10/24/2019,2.579999924,2.599999905,2.390000105,2.470000029,2.470000029,10387600,AR
10/25/2019,2.450000048,2.720000029,2.410000086,2.710000038,2.710000038,10808800,AR
10/28/2019,2.75,2.930000067,2.599999905,2.599999905,2.599999905,10886800,AR
10/29/2019,2.630000114,2.940000057,2.549999952,2.839999914,2.839999914,16226800,AR
10/30/2019,3.200000048,3.380000114,2.660000086,2.700000048,2.700000048,21455000,AR
10/31/2019,2.75999999,2.809999943,2.450000048,2.5,2.5,13613500,AR
11/1/2019,2.519999981,2.75999999,2.49000001,2.670000076,2.670000076,13450400,AR
11/4/2019,2.829999924,3.00999999,2.779999971,2.940000057,2.940000057,15298100,AR
11/5/2019,2.970000029,3.109999895,2.730000019,2.75999999,2.75999999,13886600,AR
11/6/2019,2.75,3.029999971,2.690000057,2.75999999,2.75999999,13230000,AR
11/7/2019,2.819999933,2.910000086,2.720000029,2.859999895,2.859999895,8283800,AR
11/8/2019,2.819999933,2.890000105,2.720000029,2.859999895,2.859999895,6303100,AR
11/11/2019,2.75,2.819999933,2.619999886,2.619999886,2.619999886,10283800,AR
11/12/2019,2.650000095,2.690000057,2.460000038,2.529999971,2.529999971,17011900,AR
11/13/2019,2.50999999,2.50999999,2.319999933,2.369999886,2.369999886,17917000,AR
11/14/2019,2.390000105,2.390000105,2.170000076,2.220000029,2.220000029,14602700,AR
11/15/2019,2.220000029,2.319999933,2.140000105,2.25,2.25,8870000,AR
11/18/2019,2.200000048,2.230000019,1.970000029,2.029999971,2.029999971,12928400,AR
11/19/2019,2.039999962,2.109999895,1.950000048,1.970000029,1.970000029,10000900,AR
11/20/2019,2.039999962,2.049999952,1.879999995,1.940000057,1.940000057,14146800,AR
11/21/2019,1.950000048,2.079999924,1.860000014,2.039999962,2.039999962,11091400,AR
11/22/2019,2.059999943,2.269999981,2.039999962,2.170000076,2.170000076,10599600,AR
11/25/2019,2.140000105,2.180000067,2.039999962,2.089999914,2.089999914,7768200,AR
11/26/2019,2.079999924,2.119999886,1.970000029,1.99000001,1.99000001,10753200,AR
11/27/2019,2.029999971,2.109999895,2,2.099999905,2.099999905,6284600,AR
11/29/2019,2.059999943,2.099999905,1.99000001,1.99000001,1.99000001,3838500,AR
12/2/2019,2,2.049999952,1.960000038,1.960000038,1.960000038,8535800,AR
12/3/2019,1.940000057,2.089999914,1.929999948,2.019999981,2.019999981,9243600,AR
12/4/2019,2.059999943,2.220000029,2.029999971,2.170000076,2.170000076,9504000,AR
12/5/2019,2.210000038,2.24000001,2.069999933,2.099999905,2.099999905,8531500,AR
12/6/2019,2.099999905,2.220000029,2.059999943,2.190000057,2.190000057,7554400,AR
12/9/2019,2.480000019,2.75,2.420000076,2.569999933,2.569999933,23978900,AR
12/10/2019,2.579999924,2.710000038,2.559999943,2.680000067,2.680000067,11808700,AR
12/11/2019,2.660000086,2.75,2.640000105,2.660000086,2.660000086,7294700,AR
12/12/2019,2.650000095,3.00999999,2.640000105,2.920000076,2.920000076,12486600,AR
12/13/2019,2.970000029,2.970000029,2.660000086,2.690000057,2.690000057,13718500,AR
12/16/2019,2.680000067,2.720000029,2.589999914,2.680000067,2.680000067,12371300,AR
12/17/2019,2.660000086,2.839999914,2.640000105,2.809999943,2.809999943,11824500,AR
12/18/2019,2.779999971,2.910000086,2.769999981,2.869999886,2.869999886,8658600,AR
12/19/2019,2.869999886,3.049999952,2.829999924,3,3,8370700,AR
12/20/2019,2.980000019,2.980000019,2.720000029,2.75,2.75,17016100,AR
12/23/2019,2.74000001,2.930000067,2.690000057,2.910000086,2.910000086,11514100,AR
12/24/2019,2.930000067,3.059999943,2.829999924,2.869999886,2.869999886,4319400,AR
12/26/2019,2.930000067,2.960000038,2.849999905,2.890000105,2.890000105,3973800,AR
12/27/2019,2.890000105,2.910000086,2.700000048,2.700000048,2.700000048,5328600,AR
12/30/2019,2.730000019,2.859999895,2.680000067,2.75,2.75,7682500,AR
12/31/2019,2.720000029,2.980000019,2.690000057,2.849999905,2.849999905,7469200,AR
1/2/2020,2.880000114,2.920000076,2.549999952,2.589999914,2.589999914,9860500,AR
1/3/2020,2.75999999,2.779999971,2.609999895,2.680000067,2.680000067,11055800,AR
1/6/2020,2.730000019,2.75,2.519999981,2.619999886,2.619999886,10088200,AR
1/7/2020,2.619999886,2.720000029,2.529999971,2.680000067,2.680000067,9550600,AR
1/8/2020,2.700000048,2.809999943,2.529999971,2.549999952,2.549999952,13175600,AR
1/9/2020,2.5,2.50999999,2.339999914,2.400000095,2.400000095,13006600,AR
1/10/2020,2.400000095,2.410000086,2.299999952,2.369999886,2.369999886,11663400,AR
1/13/2020,2.359999895,2.380000114,2.25999999,2.349999905,2.349999905,9777800,AR
1/14/2020,2.359999895,2.609999895,2.349999905,2.549999952,2.549999952,8184200,AR
1/15/2020,2.5,2.609999895,2.450000048,2.539999962,2.539999962,7664500,AR
1/16/2020,2.559999943,2.690000057,2.49000001,2.50999999,2.50999999,7359500,AR
1/17/2020,2.549999952,2.569999933,2.329999924,2.390000105,2.390000105,8928900,AR
1/21/2020,2.349999905,2.359999895,2.170000076,2.210000038,2.210000038,12324000,AR
1/22/2020,2.190000057,2.210000038,2,2.049999952,2.049999952,10605300,AR
1/23/2020,2.019999981,2.130000114,1.960000038,1.970000029,1.970000029,12090700,AR
1/24/2020,2,2.019999981,1.799999952,1.909999967,1.909999967,13313700,AR
1/27/2020,1.870000005,1.940000057,1.799999952,1.840000033,1.840000033,11653700,AR
1/28/2020,1.860000014,1.970000029,1.779999971,1.909999967,1.909999967,13301500,AR
1/29/2020,1.980000019,1.99000001,1.75,1.75,1.75,14491400,AR
1/30/2020,1.720000029,1.799999952,1.679999948,1.75,1.75,10388300,AR
1/31/2020,1.700000048,1.940000057,1.679999948,1.850000024,1.850000024,13925500,AR
2/3/2020,1.870000005,1.879999995,1.700000048,1.74000001,1.74000001,11508300,AR
2/4/2020,1.789999962,1.799999952,1.700000048,1.700000048,1.700000048,10720700,AR
2/5/2020,1.74000001,1.899999976,1.720000029,1.870000005,1.870000005,12914500,AR
2/6/2020,1.879999995,1.899999976,1.720000029,1.830000043,1.830000043,10573600,AR
2/7/2020,1.789999962,1.820000052,1.730000019,1.75,1.75,7690600,AR
2/10/2020,1.720000029,1.779999971,1.600000024,1.679999948,1.679999948,13482800,AR
2/11/2020,1.700000048,1.769999981,1.629999995,1.700000048,1.700000048,7980600,AR
2/12/2020,1.75,1.850000024,1.730000019,1.769999981,1.769999981,10469000,AR
2/13/2020,1.779999971,1.879999995,1.710000038,1.75999999,1.75999999,14550500,AR
2/14/2020,1.75,1.799999952,1.629999995,1.649999976,1.649999976,12711800,AR
2/18/2020,1.639999986,1.75,1.610000014,1.720000029,1.720000029,10342000,AR
2/19/2020,1.75,1.850000024,1.700000048,1.799999952,1.799999952,13204500,AR
2/20/2020,1.830000043,1.980000019,1.830000043,1.840000033,1.840000033,12404400,AR
2/21/2020,1.820000052,1.830000043,1.720000029,1.75999999,1.75999999,10520600,AR
2/24/2020,1.679999948,1.769999981,1.620000005,1.659999967,1.659999967,9393200,AR
2/25/2020,1.679999948,1.720000029,1.600000024,1.649999976,1.649999976,11359700,AR
2/26/2020,1.669999957,1.730000019,1.5,1.529999971,1.529999971,13318100,AR
2/27/2020,1.409999967,1.460000038,1.25,1.370000005,1.370000005,16574400,AR
2/28/2020,1.269999981,1.610000014,1.220000029,1.600000024,1.600000024,15251200,AR
3/2/2020,1.679999948,1.690000057,1.440000057,1.470000029,1.470000029,12882600,AR
3/3/2020,1.5,1.519999981,1.309999943,1.350000024,1.350000024,13865100,AR
3/4/2020,1.399999976,1.429999948,1.269999981,1.309999943,1.309999943,9695900,AR
3/5/2020,1.279999971,1.360000014,1.25,1.350000024,1.350000024,11794500,AR
3/6/2020,1.25999999,1.49000001,1.210000038,1.379999995,1.379999995,24061900,AR
3/9/2020,1.24000001,1.570000052,1.080000043,1.100000024,1.100000024,36297100,AR
3/10/2020,1.24000001,1.25999999,0.949999988,1.179999948,1.179999948,25593900,AR
3/11/2020,1.169999957,1.200000048,1,1.039999962,1.039999962,15009400,AR
3/12/2020,0.920000017,1.179999948,0.910000026,1.100000024,1.100000024,22958600,AR
3/13/2020,1.139999986,1.5,0.920000017,1.25999999,1.25999999,34974900,AR
3/16/2020,1.049999952,1.570000052,1.029999971,1.200000048,1.200000048,28625500,AR
3/17/2020,1.200000048,1.340000033,1.100000024,1.25,1.25,20926700,AR
3/18/2020,1.190000057,1.320000052,1,1.039999962,1.039999962,19380600,AR
3/19/2020,1.080000043,1.080000043,0.720000029,0.910000026,0.910000026,20673800,AR
3/20/2020,0.910000026,1.029999971,0.910000026,0.949999988,0.949999988,21023800,AR
3/23/2020,0.949999988,0.980000019,0.779999971,0.810000002,0.810000002,10502700,AR
3/24/2020,0.930000007,0.949999988,0.860000014,0.910000026,0.910000026,14002100,AR
3/25/2020,0.980000019,1.070000052,0.870000005,0.99000001,0.99000001,11346300,AR
3/26/2020,1,1.049999952,0.829999983,0.910000026,0.910000026,10217200,AR
3/27/2020,0.879999995,0.930000007,0.829999983,0.829999983,0.829999983,15470800,AR
3/30/2020,0.829999983,0.850000024,0.639999986,0.74000001,0.74000001,13219600,AR
3/31/2020,0.800000012,0.800000012,0.689999998,0.709999979,0.709999979,11902600,AR
4/1/2020,0.699999988,0.75,0.660000026,0.670000017,0.670000017,11706600,AR
4/2/2020,0.689999998,0.879999995,0.670000017,0.709999979,0.709999979,10799800,AR
4/3/2020,0.720000029,0.779999971,0.670000017,0.769999981,0.769999981,13419000,AR
4/6/2020,0.75999999,0.980000019,0.75999999,0.939999998,0.939999998,8303300,AR
4/7/2020,1.019999981,1.129999995,0.970000029,0.980000019,0.980000019,10671700,AR
4/8/2020,1.070000052,1.320000052,1.019999981,1.309999943,1.309999943,12622500,AR
4/9/2020,1.370000005,1.669999957,1.279999971,1.470000029,1.470000029,21017800,AR
4/13/2020,1.659999967,1.679999948,1.309999943,1.419999957,1.419999957,15575900,AR
4/14/2020,1.460000038,1.480000019,1.179999948,1.25999999,1.25999999,14528400,AR
4/15/2020,1.179999948,1.379999995,1.169999957,1.379999995,1.379999995,14243000,AR
4/16/2020,1.429999948,1.440000057,1.24000001,1.24000001,1.24000001,7827600,AR
4/17/2020,1.299999952,1.399999976,1.230000019,1.379999995,1.379999995,13012300,AR
4/20/2020,1.320000052,1.830000043,1.320000052,1.710000038,1.710000038,24920200,AR
4/21/2020,1.850000024,2.119999886,1.799999952,2.089999914,2.089999914,33162200,AR
4/22/2020,2.299999952,2.369999886,2.039999962,2.150000095,2.150000095,16130400,AR
4/23/2020,2.150000095,2.269999981,2,2.180000067,2.180000067,12975600,AR
4/24/2020,2.160000086,2.279999971,2.089999914,2.25,2.25,10581700,AR
4/27/2020,2.200000048,2.390000105,1.970000029,2.380000114,2.380000114,12028100,AR
4/28/2020,2.420000076,2.430000067,2.160000086,2.210000038,2.210000038,11632600,AR
4/29/2020,2.130000114,2.49000001,2.119999886,2.460000038,2.460000038,14725700,AR
4/30/2020,2.839999914,3.079999924,2.470000029,2.980000019,2.980000019,26664100,AR
5/1/2020,2.930000067,3.079999924,2.789999962,2.799999952,2.799999952,11878900,AR
5/4/2020,2.839999914,3.349999905,2.670000076,3.339999914,3.339999914,24197400,AR
5/5/2020,3.460000038,3.609999895,3.279999971,3.319999933,3.319999933,16672200,AR
5/6/2020,3.309999943,3.319999933,2.900000095,2.980000019,2.980000019,10951300,AR
5/7/2020,3.059999943,3.180000067,2.839999914,2.930000067,2.930000067,10256300,AR
5/8/2020,2.930000067,3.140000105,2.890000105,3.130000114,3.130000114,11141300,AR
5/11/2020,3.079999924,3.349999905,3.039999962,3.150000095,3.150000095,9465800,AR
5/12/2020,3.140000105,3.220000029,2.960000038,2.960000038,2.960000038,9487400,AR
5/13/2020,2.869999886,2.890000105,2.309999943,2.539999962,2.539999962,15246700,AR
5/14/2020,2.50999999,2.599999905,2.269999981,2.470000029,2.470000029,10830200,AR
5/15/2020,2.5,2.619999886,2.400000095,2.5,2.5,7095100,AR
5/18/2020,2.690000057,3.039999962,2.609999895,3.029999971,3.029999971,9805500,AR
5/19/2020,3.059999943,3.200000048,2.869999886,3,3,9630000,AR
5/20/2020,3.099999905,3.25,3.00999999,3.059999943,3.059999943,6122800,AR
5/21/2020,3.039999962,3.200000048,2.960000038,3.109999895,3.109999895,7861200,AR
5/22/2020,3.109999895,3.25,3,3.220000029,3.220000029,7190100,AR
5/26/2020,3.349999905,3.690000057,3.269999981,3.539999962,3.539999962,10078900,AR
5/27/2020,3.650000095,3.690000057,3.289999962,3.480000019,3.480000019,6354900,AR
5/28/2020,3.470000029,3.539999962,3.180000067,3.190000057,3.190000057,9076900,AR
5/29/2020,3.190000057,3.279999971,2.980000019,2.99000001,2.99000001,13100900,AR
6/1/2020,3,3.25,3,3.180000067,3.180000067,7182000,AR
6/2/2020,3.180000067,3.329999924,3.140000105,3.190000057,3.190000057,7472000,AR
6/3/2020,3.230000019,3.289999962,3.099999905,3.130000114,3.130000114,8618400,AR
6/4/2020,3.099999905,3.25,2.99000001,3.200000048,3.200000048,11710300,AR
6/5/2020,3.339999914,3.519999981,3.150000095,3.220000029,3.220000029,14902700,AR
6/8/2020,3.25,4.059999943,3.200000048,4.039999962,4.039999962,21711400,AR
6/9/2020,3.75,4.139999866,3.650000095,3.930000067,3.930000067,12065800,AR
6/10/2020,3.960000038,3.970000029,3.609999895,3.609999895,3.609999895,11676800,AR
6/11/2020,3.319999933,3.589999914,3.109999895,3.119999886,3.119999886,8787900,AR
6/12/2020,3.329999924,3.470000029,3.119999886,3.279999971,3.279999971,14089900,AR
6/15/2020,3.019999981,4.010000229,3,3.769999981,3.769999981,19511300,AR
6/16/2020,3.950000048,4.03000021,3.710000038,3.859999895,3.859999895,13376400,AR
6/17/2020,3.859999895,3.900000095,3.670000076,3.769999981,3.769999981,10411100,AR
6/18/2020,3.74000001,3.75,3.470000029,3.50999999,3.50999999,13862800,AR
6/19/2020,3.599999905,3.650000095,3.190000057,3.200000048,3.200000048,32481800,AR
6/22/2020,3.210000038,3.220000029,2.930000067,2.950000048,2.950000048,13427900,AR
6/23/2020,2.980000019,3.130000114,2.769999981,2.829999924,2.829999924,12478300,AR
6/24/2020,2.769999981,2.839999914,2.579999924,2.589999914,2.589999914,9489900,AR
6/25/2020,2.589999914,2.809999943,2.5,2.619999886,2.619999886,11191300,AR
6/26/2020,2.609999895,2.609999895,2.299999952,2.339999914,2.339999914,43054600,AR
6/29/2020,2.410000086,2.549999952,2.329999924,2.50999999,2.50999999,11183200,AR
6/30/2020,2.49000001,2.559999943,2.390000105,2.539999962,2.539999962,10396700,AR
7/1/2020,2.50999999,2.720000029,2.460000038,2.630000114,2.630000114,9843000,AR
7/2/2020,2.700000048,2.960000038,2.640000105,2.950000048,2.950000048,13925200,AR
7/6/2020,3.150000095,3.150000095,2.859999895,2.960000038,2.960000038,33561200,AR
7/7/2020,2.930000067,3.25999999,2.910000086,3.039999962,3.039999962,13592700,AR
7/8/2020,3.039999962,3.099999905,2.869999886,2.920000076,2.920000076,7694000,AR
7/9/2020,2.890000105,3.039999962,2.74000001,2.74000001,2.74000001,10404500,AR
7/10/2020,2.720000029,2.849999905,2.630000114,2.839999914,2.839999914,6241500,AR
7/13/2020,2.859999895,2.920000076,2.609999895,2.619999886,2.619999886,9065500,AR
7/14/2020,2.619999886,2.700000048,2.529999971,2.660000086,2.660000086,9132800,AR
7/15/2020,2.779999971,2.880000114,2.650000095,2.849999905,2.849999905,7515100,AR
7/16/2020,2.829999924,3,2.769999981,2.849999905,2.849999905,7157700,AR
7/17/2020,2.859999895,3.039999962,2.829999924,2.849999905,2.849999905,7452200,AR
7/20/2020,2.829999924,2.890000105,2.700000048,2.710000038,2.710000038,5258200,AR
7/21/2020,2.769999981,2.880000114,2.730000019,2.789999962,2.789999962,7910300,AR
7/22/2020,2.75,2.779999971,2.630000114,2.690000057,2.690000057,6164100,AR
7/23/2020,2.690000057,2.99000001,2.660000086,2.880000114,2.880000114,8921000,AR
7/24/2020,2.869999886,3.089999914,2.859999895,2.900000095,2.900000095,5994800,AR
7/27/2020,2.930000067,2.950000048,2.730000019,2.789999962,2.789999962,7347400,AR
7/28/2020,2.789999962,3.019999981,2.779999971,2.829999924,2.829999924,9446100,AR
7/29/2020,2.849999905,3.089999914,2.74000001,3.079999924,3.079999924,9602900,AR
7/30/2020,2.839999914,3.130000114,2.779999971,3,3,12182700,AR
7/31/2020,3.00999999,3.049999952,2.859999895,2.960000038,2.960000038,7753000,AR
8/3/2020,3.089999914,3.539999962,3.059999943,3.400000095,3.400000095,16482100,AR
8/4/2020,3.5,3.769999981,3.279999971,3.710000038,3.710000038,13509600,AR
8/5/2020,3.779999971,3.890000105,3.569999933,3.769999981,3.769999981,10185000,AR
8/6/2020,3.779999971,3.890000105,3.680000067,3.730000019,3.730000019,6137600,AR
8/7/2020,3.75,3.970000029,3.660000086,3.930000067,3.930000067,8532300,AR
8/10/2020,3.960000038,4.159999847,3.880000114,4.039999962,4.039999962,9321700,AR
8/11/2020,4.300000191,4.380000114,3.890000105,3.900000095,3.900000095,14298900,AR
8/12/2020,3.950000048,4.260000229,3.869999886,4.119999886,4.119999886,10588000,AR
8/13/2020,4.079999924,4.159999847,3.930000067,3.980000019,3.980000019,9848900,AR
8/14/2020,4.010000229,4.639999866,3.940000057,4.429999828,4.429999828,17916200,AR
8/17/2020,4.420000076,4.460000038,4.150000095,4.400000095,4.400000095,10198100,AR
8/18/2020,4.170000076,4.179999828,3.460000038,3.619999886,3.619999886,59919600,AR
8/19/2020,3.640000105,3.680000067,3.49000001,3.650000095,3.650000095,27713100,AR
8/20/2020,3.569999933,3.700000048,3.559999943,3.619999886,3.619999886,15009700,AR
8/21/2020,3.599999905,3.769999981,3.569999933,3.660000086,3.660000086,13528000,AR
8/24/2020,3.690000057,3.950000048,3.619999886,3.799999952,3.799999952,16988000,AR
8/25/2020,3.869999886,3.890000105,3.579999924,3.710000038,3.710000038,10958500,AR
8/26/2020,3.75,3.75,3.49000001,3.49000001,3.49000001,10419300,AR
8/27/2020,3.559999943,3.599999905,3.420000076,3.50999999,3.50999999,9803000,AR
8/28/2020,3.539999962,3.589999914,3.380000114,3.5,3.5,7777400,AR
8/31/2020,3.420000076,3.450000048,3.119999886,3.220000029,3.220000029,18725900,AR
9/1/2020,3.190000057,3.289999962,3.119999886,3.130000114,3.130000114,13446500,AR
9/2/2020,3.099999905,3.130000114,2.890000105,2.900000095,2.900000095,11903300,AR
9/3/2020,2.900000095,3.039999962,2.859999895,2.920000076,2.920000076,8457500,AR
9/4/2020,2.99000001,3.019999981,2.799999952,2.940000057,2.940000057,8074800,AR
9/8/2020,2.880000114,2.930000067,2.720000029,2.720000029,2.720000029,9136600,AR
9/9/2020,2.799999952,2.799999952,2.650000095,2.75999999,2.75999999,9934300,AR
9/10/2020,2.75999999,2.839999914,2.640000105,2.650000095,2.650000095,9905300,AR
9/11/2020,2.690000057,2.789999962,2.630000114,2.710000038,2.710000038,8639400,AR
9/14/2020,2.74000001,2.930000067,2.670000076,2.890000105,2.890000105,10663100,AR
9/15/2020,2.890000105,2.980000019,2.789999962,2.829999924,2.829999924,11055800,AR
9/16/2020,2.849999905,3.019999981,2.819999933,2.910000086,2.910000086,8950900,AR
9/17/2020,2.779999971,2.960000038,2.779999971,2.910000086,2.910000086,9332800,AR
9/18/2020,2.910000086,3.140000105,2.890000105,3.109999895,3.109999895,16580800,AR
9/21/2020,3.049999952,3.059999943,2.900000095,3.019999981,3.019999981,7684300,AR
9/22/2020,2.970000029,3.099999905,2.970000029,3.019999981,3.019999981,5953700,AR
9/23/2020,3.039999962,3.180000067,2.950000048,2.950000048,2.950000048,8389200,AR
9/24/2020,3.059999943,3.230000019,2.960000038,3.109999895,3.109999895,9758500,AR
9/25/2020,3.089999914,3.170000076,2.970000029,2.970000029,2.970000029,8471400,AR
9/28/2020,3.00999999,3.049999952,2.839999914,2.960000038,2.960000038,10012900,AR
9/29/2020,2.930000067,2.99000001,2.769999981,2.869999886,2.869999886,8289900,AR
9/30/2020,2.819999933,2.940000057,2.730000019,2.75,2.75,9088300,AR
10/1/2020,2.75999999,2.849999905,2.680000067,2.700000048,2.700000048,8893100,AR
10/2/2020,2.609999895,2.829999924,2.559999943,2.789999962,2.789999962,7785700,AR
10/5/2020,2.819999933,3.049999952,2.819999933,3.039999962,3.039999962,9988000,AR
10/6/2020,3.079999924,3.24000001,3.029999971,3.109999895,3.109999895,9596400,AR
10/7/2020,3.160000086,3.460000038,3.160000086,3.410000086,3.410000086,10886600,AR
10/8/2020,3.470000029,3.670000076,3.410000086,3.650000095,3.650000095,8238600,AR
10/9/2020,3.74000001,3.890000105,3.430000067,3.710000038,3.710000038,11816700,AR
10/12/2020,3.720000029,3.849999905,3.640000105,3.74000001,3.74000001,5118400,AR
10/13/2020,3.789999962,3.880000114,3.549999952,3.549999952,3.549999952,11560000,AR
10/14/2020,3.50999999,3.700000048,3.450000048,3.50999999,3.50999999,6632500,AR
10/15/2020,3.470000029,3.650000095,3.410000086,3.619999886,3.619999886,6743200,AR
10/16/2020,3.660000086,3.819999933,3.539999962,3.549999952,3.549999952,7520700,AR
10/19/2020,3.619999886,3.730000019,3.539999962,3.660000086,3.660000086,6783200,AR
10/20/2020,3.75999999,3.859999895,3.700000048,3.799999952,3.799999952,6410600,AR
10/21/2020,3.940000057,4.130000114,3.75999999,3.769999981,3.769999981,10605200,AR
10/22/2020,3.789999962,4.110000134,3.789999962,4.03000021,4.03000021,11835300,AR
10/23/2020,4.03000021,4.110000134,3.950000048,3.99000001,3.99000001,7583200,AR
10/26/2020,3.960000038,4.010000229,3.720000029,3.720000029,3.720000029,8767400,AR
10/27/2020,3.74000001,3.75999999,3.619999886,3.660000086,3.660000086,7922700,AR
10/28/2020,3.569999933,3.660000086,3.460000038,3.480000019,3.480000019,8804200,AR
10/29/2020,3.450000048,3.630000114,3.349999905,3.589999914,3.589999914,10135300,AR
10/30/2020,3.599999905,3.650000095,3.349999905,3.400000095,3.400000095,10379900,AR
11/2/2020,3.440000057,3.720000029,3.269999981,3.640000105,3.640000105,10134900,AR
11/3/2020,3.680000067,3.789999962,3.5,3.579999924,3.579999924,9637300,AR
11/4/2020,3.529999971,3.579999924,3.359999895,3.369999886,3.369999886,6994000,AR
11/5/2020,3.369999886,3.519999981,3.319999933,3.319999933,3.319999933,5329400,AR
11/6/2020,3.349999905,3.430000067,3.25999999,3.279999971,3.279999971,5543300,AR
11/9/2020,3.539999962,3.670000076,3.24000001,3.50999999,3.50999999,12417300,AR
11/10/2020,3.539999962,3.779999971,3.420000076,3.730000019,3.730000019,9984300,AR
11/11/2020,3.799999952,3.99000001,3.710000038,3.789999962,3.789999962,9288900,AR
11/12/2020,3.75,3.880000114,3.650000095,3.700000048,3.700000048,6796700,AR
11/13/2020,3.799999952,4.050000191,3.799999952,3.99000001,3.99000001,8465100,AR
11/16/2020,4.079999924,4.099999905,3.690000057,3.920000076,3.920000076,10512600,AR
11/17/2020,3.809999943,4.170000076,3.789999962,4.079999924,4.079999924,9744300,AR
11/18/2020,4.079999924,4.199999809,3.869999886,3.880000114,3.880000114,8717300,AR
11/19/2020,3.819999933,4.130000114,3.75999999,4.079999924,4.079999924,9946200,AR
11/20/2020,4.090000153,4.179999828,3.900000095,3.970000029,3.970000029,6680700,AR
11/23/2020,4.070000172,4.239999771,4.019999981,4.210000038,4.210000038,10369200,AR
11/24/2020,4.300000191,4.539999962,4.230000019,4.389999866,4.389999866,9135200,AR
11/25/2020,4.349999905,4.389999866,4.190000057,4.329999924,4.329999924,5430800,AR
11/27/2020,4.320000172,4.349999905,4.170000076,4.190000057,4.190000057,3202900,AR
11/30/2020,4.210000038,4.300000191,3.920000076,3.920000076,3.920000076,8374900,AR
12/1/2020,4.019999981,4.300000191,3.849999905,3.859999895,3.859999895,8471800,AR
12/2/2020,3.859999895,4.190000057,3.839999914,3.930000067,3.930000067,10697600,AR
12/3/2020,3.950000048,3.950000048,3.710000038,3.789999962,3.789999962,11662700,AR
12/4/2020,3.839999914,4.199999809,3.839999914,4.199999809,4.199999809,13328500,AR
12/7/2020,4.139999866,4.25,3.900000095,4.070000172,4.070000172,11420400,AR
12/8/2020,4.269999981,4.579999924,4.210000038,4.309999943,4.309999943,14937400,AR
12/9/2020,4.440000057,4.599999905,4.25,4.389999866,4.389999866,10355500,AR
12/10/2020,4.389999866,5.360000134,4.380000114,5.210000038,5.210000038,22584400,AR
12/11/2020,5.230000019,5.360000134,4.929999828,5.150000095,5.150000095,12138700,AR
12/14/2020,5.309999943,5.340000153,4.920000076,4.940000057,4.940000057,11287100,AR
12/15/2020,4.960000038,5.03000021,4.840000153,4.980000019,4.980000019,9568300,AR
12/16/2020,5.03000021,5.050000191,4.710000038,4.760000229,4.760000229,11440600,AR
12/17/2020,4.869999886,5.260000229,4.78000021,5.170000076,5.170000076,12801100,AR
12/18/2020,5.159999847,5.570000172,5.150000095,5.480000019,5.480000019,27646400,AR
12/21/2020,5.230000019,5.630000114,5.139999866,5.519999981,5.519999981,7726900,AR
12/22/2020,5.53000021,5.769999981,5.409999847,5.409999847,5.409999847,6898100,AR
12/23/2020,5.460000038,5.989999771,5.420000076,5.829999924,5.829999924,9856600,AR
12/24/2020,5.869999886,5.909999847,5.670000076,5.75,5.75,4666800,AR
12/28/2020,5.610000134,5.739999771,5.210000038,5.21999979,5.21999979,9006100,AR
12/29/2020,5.269999981,5.380000114,5.130000114,5.260000229,5.260000229,7500900,AR
12/30/2020,5.269999981,5.559999943,5.269999981,5.519999981,5.519999981,5719000,AR
12/31/2020,5.46999979,5.619999886,5.369999886,5.449999809,5.449999809,6114900,AR
1/4/2021,5.570000172,5.840000153,5.46999979,5.650000095,5.650000095,11290400,AR
1/5/2021,5.789999962,6.380000114,5.730000019,6.079999924,6.079999924,9949500,AR
1/6/2021,6.170000076,6.389999866,6.010000229,6.349999905,6.349999905,9395400,AR
1/7/2021,6.389999866,6.590000153,6.110000134,6.210000038,6.210000038,9706900,AR
1/8/2021,6.150000095,6.269999981,5.880000114,5.980000019,5.980000019,12891700,AR
1/11/2021,5.880000114,6.71999979,5.75,6.670000076,6.670000076,10854200,AR
1/12/2021,6.949999809,7.710000038,6.900000095,7.610000134,7.610000134,16746800,AR
1/13/2021,7.599999905,7.829999924,7.309999943,7.360000134,7.360000134,9445400,AR
1/14/2021,7.510000229,7.570000172,7.21999979,7.28000021,7.28000021,8906600,AR
1/15/2021,7.199999809,7.429999828,7.079999924,7.260000229,7.260000229,7089200,AR
1/19/2021,7.309999943,7.440000057,6.829999924,7.059999943,7.059999943,7621600,AR
1/20/2021,7.099999905,7.25,6.550000191,6.75,6.75,9120000,AR
1/21/2021,6.699999809,6.949999809,6.400000095,6.519999981,6.519999981,8844500,AR
1/22/2021,6.420000076,6.679999828,6.289999962,6.670000076,6.670000076,6229100,AR
1/25/2021,6.789999962,6.96999979,6.480000019,6.860000134,6.860000134,7599300,AR
1/26/2021,7.099999905,7.210000038,6.860000134,7.019999981,7.019999981,7941600,AR
1/27/2021,6.840000153,8.029999733,6.710000038,7.539999962,7.539999962,15153500,AR
1/28/2021,7.650000095,7.920000076,7.059999943,7.610000134,7.610000134,15080000,AR
1/29/2021,7.489999771,7.860000134,6.880000114,6.940000057,6.940000057,11225300,AR
2/1/2021,7.230000019,7.5,7.039999962,7.21999979,7.21999979,8518000,AR
2/2/2021,7.46999979,7.519999981,7,7.010000229,7.010000229,6768100,AR
2/3/2021,7.059999943,7.269999981,6.960000038,7.239999771,7.239999771,13164000,AR
2/4/2021,7.340000153,7.429999828,7.110000134,7.239999771,7.239999771,7350700,AR
2/5/2021,7.420000076,7.670000076,7.239999771,7.539999962,7.539999962,8536700,AR
2/8/2021,7.690000057,8.149999619,7.659999847,8.079999924,8.079999924,8795900,AR
2/9/2021,7.96999979,8.239999771,7.760000229,8.069999695,8.069999695,7274300,AR
2/10/2021,8.199999809,8.630000114,7.900000095,8.399999619,8.399999619,9296600,AR
2/11/2021,8.479999542,8.5,7.960000038,8.109999657,8.109999657,8492700,AR
2/12/2021,7.960000038,9.010000229,7.920000076,9,9,13775100,AR
2/16/2021,9.470000267,10.03999996,8.949999809,9.489999771,9.489999771,16853100,AR
2/17/2021,9.600000381,9.949999809,9.31000042,9.779999733,9.779999733,13149700,AR
2/18/2021,9.300000191,9.319999695,8.18999958,8.960000038,8.960000038,28209500,AR
2/19/2021,9.25,9.380000114,8.699999809,8.960000038,8.960000038,14263400,AR
2/22/2021,9.029999733,9.329999924,8.739999771,8.760000229,8.760000229,11406500,AR
2/23/2021,8.640000343,9.050000191,8.029999733,8.920000076,8.920000076,9783900,AR
2/24/2021,9,9.720000267,8.869999886,9.539999962,9.539999962,8539100,AR
2/25/2021,9.56000042,9.909999847,9.109999657,9.25,9.25,8644900,AR
2/26/2021,9.239999771,9.460000038,8.779999733,9,9,6972300,AR
3/1/2021,9.25,9.850000381,9.170000076,9.800000191,9.800000191,7936200,AR
3/2/2021,9.789999962,10.01000023,9.430000305,9.510000229,9.510000229,8269300,AR
3/3/2021,9.649999619,10,9.56000042,9.569999695,9.569999695,6500100,AR
3/4/2021,9.569999695,10.14999962,9.340000153,9.819999695,9.819999695,10484000,AR
3/5/2021,10.09000015,10.30000019,9.449999809,9.880000114,9.880000114,10305900,AR
3/8/2021,9.949999809,10.17000008,9.649999619,9.720000267,9.720000267,7173700,AR
3/9/2021,9.779999733,9.869999886,9.220000267,9.239999771,9.239999771,6927600,AR
3/10/2021,9.300000191,10.47999954,9.270000458,10.34000015,10.34000015,10924500,AR
3/11/2021,10.44999981,10.68999958,10.25,10.56000042,10.56000042,6887100,AR
3/12/2021,10.51000023,10.60999966,10.05000019,10.23999977,10.23999977,7067800,AR
3/15/2021,10.21000004,10.48999977,9.899999619,10.09000015,10.09000015,5504000,AR
3/16/2021,9.909999847,10.11999989,9.789999962,9.930000305,9.930000305,6567000,AR
3/17/2021,9.81000042,10.34000015,9.760000229,10.25,10.25,7442900,AR
3/18/2021,10.13000011,10.19999981,9.090000153,9.279999733,9.279999733,9668900,AR
3/19/2021,9.289999962,9.890000343,9.159999847,9.81000042,9.81000042,15058500,AR
3/22/2021,9.800000191,10.14999962,9.590000153,10.02000046,10.02000046,6944000,AR
3/23/2021,9.649999619,9.770000458,9.149999619,9.18999958,9.18999958,9325600,AR
3/24/2021,9.380000114,9.569999695,9.100000381,9.119999886,9.119999886,7909200,AR
3/25/2021,8.800000191,9.899999619,8.640000343,9.850000381,9.850000381,8762800,AR
3/26/2021,10.10000038,10.56000042,9.949999809,10.47000027,10.47000027,9267800,AR
3/29/2021,10.32999992,10.61999989,10.05000019,10.06000042,10.06000042,5292400,AR
3/30/2021,10,10.10000038,9.640000343,9.869999886,9.869999886,5935400,AR
3/31/2021,9.899999619,10.39999962,9.710000038,10.19999981,10.19999981,5807800,AR
4/1/2021,10.38000011,10.93999958,10.31999969,10.85999966,10.85999966,8334200,AR
4/5/2021,10.75,10.84000015,10.11999989,10.13000011,10.13000011,7059000,AR
4/6/2021,10.22000027,10.67000008,10.21000004,10.34000015,10.34000015,4850500,AR
4/7/2021,10.35999966,10.43999958,10.10999966,10.27000046,10.27000046,4167900,AR
4/8/2021,10.10000038,10.14000034,9.399999619,9.590000153,9.590000153,9482700,AR
4/9/2021,9.550000191,9.640000343,9.140000343,9.18999958,9.18999958,7311900,AR
4/12/2021,9.380000114,9.539999962,8.960000038,9.010000229,9.010000229,6774000,AR
4/13/2021,9.109999657,9.18999958,8.890000343,8.960000038,8.960000038,5808800,AR
4/14/2021,9.119999886,9.899999619,9.079999924,9.470000267,9.470000267,6553900,AR
4/15/2021,9.409999847,9.609999657,9.210000038,9.520000458,9.520000458,6253000,AR
4/16/2021,9.56000042,9.579999924,9.300000191,9.359999657,9.359999657,4438100,AR
4/19/2021,9.369999886,9.659999847,9.31000042,9.380000114,9.380000114,4567500,AR
4/20/2021,9.319999695,9.380000114,8.850000381,9.020000458,9.020000458,6620200,AR
4/21/2021,8.829999924,9.319999695,8.819999695,9.020000458,9.020000458,4441100,AR
4/22/2021,9.119999886,9.43999958,9.010000229,9.159999847,9.159999847,5835000,AR
4/23/2021,9.180000305,9.359999657,8.920000076,9,9,8727500,AR
4/26/2021,8.920000076,9.659999847,8.819999695,9.5,9.5,9692200,AR
4/27/2021,9.56000042,9.899999619,9.520000458,9.880000114,9.880000114,5569300,AR
4/28/2021,9.949999809,10.38000011,9.789999962,10.17000008,10.17000008,7847800,AR
4/29/2021,10.42000008,10.46000004,9.180000305,9.25,9.25,12362700,AR
4/30/2021,9.050000191,9.590000153,8.81000042,9.020000458,9.020000458,9108200,AR
5/3/2021,9.100000381,9.859999657,9.039999962,9.789999962,9.789999962,7966600,AR
5/4/2021,9.819999695,10.35999966,9.5,10.31000042,10.31000042,8491700,AR
5/5/2021,10.40999985,10.61999989,10.07999992,10.40999985,10.40999985,6669400,AR
5/6/2021,10.44999981,10.5,10.09000015,10.47999954,10.47999954,6402700,AR
5/7/2021,10.35000038,10.82999992,10.22000027,10.81000042,10.81000042,7203700,AR
5/10/2021,10.98999977,11.39999962,10.76000023,11.01000023,11.01000023,10597700,AR
5/11/2021,10.90999985,11.64000034,10.85000038,11.47000027,11.47000027,11158000,AR
5/12/2021,11.57999992,11.80000019,11.06999969,11.13000011,11.13000011,10222900,AR
5/13/2021,10.94999981,11.21000004,10.59000015,10.81999969,10.81999969,8401500,AR
5/14/2021,11.02999973,11.90999985,10.97999954,11.84000015,11.84000015,7897000,AR
5/17/2021,11.94999981,12.68000031,11.81999969,12.67000008,12.67000008,9291200,AR
5/18/2021,12.5,12.81000042,12.23999977,12.52000046,12.52000046,7642200,AR
5/19/2021,12.23999977,12.98999977,12.22000027,12.92000008,12.92000008,10386100,AR
5/20/2021,12.96000004,13.18999958,12.39999962,12.72000027,12.72000027,6065800,AR
5/21/2021,13,13.19999981,12.73999977,12.76000023,12.76000023,5420300,AR
5/24/2021,12.80000019,12.86999989,12.38000011,12.73999977,12.73999977,4851100,AR
5/25/2021,12.72000027,12.85000038,12.26000023,12.27999973,12.27999973,4088200,AR
5/26/2021,12.27000046,12.73999977,12.26000023,12.68000031,12.68000031,3551300,AR
5/27/2021,12.64999962,13.07999992,12.64999962,12.92000008,12.92000008,5014000,AR
5/28/2021,13,13.13000011,12.80000019,12.90999985,12.90999985,3974800,AR
6/1/2021,13.30000019,13.69999981,13.26000023,13.44999981,13.44999981,10405300,AR
6/2/2021,13.5,13.63000011,13,13.01000023,13.01000023,8997100,AR
6/3/2021,12.94999981,13.31000042,12.68999958,13.06000042,13.06000042,6169100,AR
6/4/2021,13.21000004,13.25,12.63000011,13.03999996,13.03999996,4224500,AR
6/7/2021,13,13.60000038,12.96000004,13.47000027,13.47000027,4939400,AR
6/8/2021,13.44999981,13.88000011,13.19999981,13.61999989,13.61999989,5914800,AR
6/9/2021,13.52000046,13.93000031,13.36999989,13.73999977,13.73999977,4757700,AR
6/10/2021,13.85999966,13.94999981,13.27999973,13.30000019,13.30000019,5303100,AR
6/11/2021,13.55000019,14.10999966,13.44999981,14.10000038,14.10000038,4749600,AR
6/14/2021,14.10999966,14.35000038,13.60999966,13.73999977,13.73999977,5397300,AR
6/15/2021,13.85000038,13.98999977,13.47000027,13.84000015,13.84000015,3955300,AR
6/16/2021,13.69999981,13.98999977,13.32999992,13.93000031,13.93000031,5139400,AR
6/17/2021,14.14999962,14.19999981,12.85000038,13.13000011,13.13000011,6554000,AR
6/18/2021,13.01000023,13.57999992,12.81000042,13.21000004,13.21000004,11334200,AR
6/21/2021,13.36999989,13.77000046,12.81999969,13.72000027,13.72000027,5971400,AR
6/22/2021,13.65999985,13.85000038,13.39999962,13.80000019,13.80000019,4093100,AR
6/23/2021,13.96000004,14.57999992,13.93000031,14.14000034,14.14000034,5089600,AR
6/24/2021,14.10999966,14.82999992,14.06000042,14.68000031,14.68000031,4928600,AR
6/25/2021,14.78999996,15.35000038,14.64999962,15.06000042,15.06000042,12585000,AR
6/28/2021,15.11999989,15.11999989,14.17000008,14.48999977,14.48999977,6013000,AR
6/29/2021,14.96000004,15.15999985,14.48999977,14.68000031,14.68000031,4186600,AR
6/30/2021,14.71000004,15.10000038,14.67000008,15.02999973,15.02999973,4406700,AR
7/1/2021,15.35000038,15.53999996,14.61999989,15.06000042,15.06000042,7392300,AR
7/2/2021,14.86999989,14.97000027,14.60000038,14.63000011,14.63000011,4784100,AR
7/6/2021,14.60000038,14.68999958,13.93000031,14.13000011,14.13000011,4638700,AR
7/7/2021,13.97999954,14.31999969,13.47999954,13.97999954,13.97999954,5519500,AR
7/8/2021,13.85000038,14.77000046,13.68000031,14.47999954,14.47999954,5779200,AR
7/9/2021,14.68000031,15.27999973,14.56000042,15.22000027,15.22000027,6376700,AR
7/12/2021,14.96000004,15,14.39000034,14.56999969,14.56999969,5734200,AR
7/13/2021,14.72000027,15.01000023,14.57999992,14.61999989,14.61999989,4781100,AR
7/14/2021,14.55000019,14.90999985,14.14000034,14.27000046,14.27000046,8718200,AR
7/15/2021,14.34000015,14.51000023,13.88000011,14.06000042,14.06000042,4809700,AR
7/16/2021,14.21000004,14.26000023,13.15999985,13.23999977,13.23999977,6423500,AR
7/19/2021,12.60000038,13.03999996,12.28999996,12.53999996,12.53999996,9656700,AR
7/20/2021,12.53999996,13.21000004,12.40999985,13.06999969,13.06999969,6053400,AR
7/21/2021,13.47000027,14.18000031,13.39000034,13.90999985,13.90999985,5749700,AR
7/22/2021,13.93000031,13.93999958,13.39000034,13.65999985,13.65999985,4167000,AR
7/23/2021,13.72999954,13.78999996,13.11999989,13.68000031,13.68000031,6863900,AR
7/26/2021,13.69999981,14.63000011,13.69999981,14.61999989,14.61999989,5190000,AR
7/27/2021,14.64000034,14.64000034,13.60000038,13.89000034,13.89000034,6599000,AR
7/28/2021,14,14.25,13.52999973,13.81000042,13.81000042,6604900,AR
7/29/2021,13.32999992,13.97999954,12.77000046,13.60999966,13.60999966,9569200,AR
7/30/2021,13.51000023,13.75,13.27000046,13.60000038,13.60000038,6360700,AR
8/2/2021,13.64999962,14,13.05000019,13.05000019,13.05000019,6831700,AR
8/3/2021,13,13.65999985,12.72000027,13.47000027,13.47000027,4799300,AR
8/4/2021,13.21000004,13.81000042,13.07999992,13.27000046,13.27000046,4671600,AR
8/5/2021,13.34000015,13.85000038,13.22999954,13.23999977,13.23999977,3703600,AR
8/6/2021,13.26000023,13.75,13.23999977,13.61999989,13.61999989,4663600,AR
8/9/2021,13.56999969,13.89999962,13.32999992,13.35000038,13.35000038,7342600,AR
8/10/2021,13.53999996,14,13.39999962,13.77999973,13.77999973,4672700,AR
8/11/2021,13.64999962,13.80000019,13.17000008,13.80000019,13.80000019,5733600,AR
8/12/2021,13.80000019,14.18000031,13.30000019,13.48999977,13.48999977,6477800,AR
8/13/2021,13.35999966,13.47000027,12.55000019,12.60999966,12.60999966,6232100,AR
8/16/2021,12.5,12.81000042,12.15999985,12.56999969,12.56999969,5752500,AR
8/17/2021,12.47000027,12.94999981,12.35999966,12.68000031,12.68000031,5576400,AR
8/18/2021,12.64000034,12.85000038,11.89000034,11.98999977,11.98999977,7881600,AR
8/19/2021,11.71000004,11.86999989,10.90999985,11.38000011,11.38000011,11457100,AR
8/20/2021,11.32999992,11.67000008,11.18999958,11.61999989,11.61999989,7812600,AR
